SAS Variable Name,category,Type,Length,Variable Description,Values,Final Response Set,Electricity,Natural Gas,Propane,"Fuel Oil/
Kerosene"
DOEID,,Character,5,Unique identifier for each respondent,"10001 - 
15686",Unique identifier for each respondent,,,,
REGIONC,home characteristics,Numeric,8,Census Region,"1
2
3
4","Northeast
Midwest
South
West",,,,
DIVISION,home characteristics,Numeric,8,Census Division,"1
2
3
4
5
6
7
8
9
10","New England
Middle Atlantic
East North Central
West North Central
South Atlantic
East South Central
West South Central
Mountain North
Mountain South
Pacific",,,,
METROMICRO,home characteristics,Character,5,Housing unit in Census Metropolitan Statistical Area or Micropolitan Statistical Area,"METRO
MICRO
NONE","Housing unit in Census Metropolitan Statistical Area
Housing unit in Census Micropolitan Statistical Area
Housing unit in neither",,,,
UATYP10,home characteristics,Character,1,Census 2010 Urban Type,"U
C
R","Urban Area
Urban Cluster
Rural",,,,
TYPEHUQ,home characteristics,Numeric,8,Type of housing unit,"1
2
3
4
5","Mobile home
Single-family detached house 
Single-family attached house
Apartment in a building with 2 to 4 units
Apartment in a building with 5 or more units","SPH, AHUHEAT, COL, AHUCOL, COK","SPH, COK","SPH, COK","SPH, COK"
ZTYPEHUQ,flag,Numeric,8,Imputation flag for TYPEHUQ,"1
0","Imputed
Not imputed",,,,
CELLAR,home characteristics,Numeric,8,Housing unit over a basement,"1
0
-2","Yes
No
Not applicable","SPH, AHUHEAT, COL, AHUCOL",SPH,SPH,SPH
ZCELLAR,flag,Numeric,8,Imputation flag for CELLAR,"1
0
-2","Imputed
Not imputed
Not applicable",,,,
BASEFIN,home characteristics,Numeric,8,Finished basement,"1
0
-2","Yes
No
Not applicable","SPH, AHUHEAT, COL, AHUCOL",SPH,SPH,SPH
ZBASEFIN,flag,Numeric,8,Imputation flag for BASEFIN,"1
0
-2","Imputed
Not imputed
Not applicable",,,,
ATTIC,home characteristics,Numeric,8,Attic above the housing unit,"1
0
-2","Yes
No
Not applicable","SPH, AHUHEAT, COL, AHUCOL",SPH,SPH,SPH
ZATTIC,flag,Numeric,8,Imputation flag for ATTIC,"1
0
-2","Imputed
Not imputed
Not applicable",,,,
ATTICFIN,home characteristics,Numeric,8,Finished attic,"1
0
-2","Yes
No
Not applicable","SPH, AHUHEAT, COL, AHUCOL",SPH,SPH,SPH
ZATTICFIN,flag,Numeric,8,Imputation flag for ATTICFIN,"1
0
-2","Imputed
Not imputed
Not applicable",,,,
STORIES,home characteristics,Numeric,8,Number of stories in a single-family home,"10
20
31
32
40
-2","One story
Two stories
Three stories
Four or more stories
Split-level
Not applicable","SPH, AHUHEAT, COL, AHUCOL",SPH,SPH,SPH
ZSTORIES,flag,Numeric,8,Imputation flag for STORIES,"1
0
-2","Imputed
Not imputed
Not applicable",,,,
PRKGPLC1,home characteristics,Numeric,8,Attached garage,"1
0
-2","Yes
No
Not applicable","SPH, AHUHEAT, COL, AHUCOL",SPH,SPH,SPH
ZPRKGPLC1,flag,Numeric,8,Imputation flag for PRKGPLC1,"1
0
-2","Imputed
Not imputed
Not applicable",,,,
SIZEOFGARAGE,home characteristics,Numeric,8,Size of attached garage,"1
2
3
-2","One-car garage
Two-car garage
Three-or-more-car garage
Not applicable","SPH, AHUHEAT, COL, AHUCOL",SPH,SPH,SPH
ZSIZEOFGARAGE,flag,Numeric,8,Imputation flag for SIZEOFGARAGE,"1
0
-2","Imputed
Not imputed
Not applicable",,,,
KOWNRENT,home characteristics,Numeric,8,Own or rent,"1
2
3","Owned or being bought by someone in your household
Rented
Occupied without payment of rent",,,,
ZKOWNRENT,flag,Numeric,8,Imputation flag for KOWNRENT,"1
0","Imputed
Not imputed",,,,
YEARMADERANGE,home characteristics,Numeric,8,Range when housing unit was built,"1
2
3
4
5
6
7
8","Before 1950
1950 to 1959
1960 to 1969
1970 to 1979
1980 to 1989
1990 to 1999
2000 to 2009
2010 to 2015",,,,
ZYEARMADERANGE,flag,Numeric,8,Imputation flag for YEARMADERANGE,"1
0","Imputed
Not imputed",,,,
OCCUPYYRANGE,home characteristics,Numeric,8,Range when household moved in,"1
2
3
4
5
6
7
8","Before 1950
1950 to 1959
1960 to 1969
1970 to 1979
1980 to 1989
1990 to 1999
2000 to 2009
2010 to 2015",,,,
ZOCCUPYYRANGE,flag,Numeric,8,Imputation flag for OCCUPYYRANGE,"1
0","Imputed
Not imputed",,,,
STUDIO,home characteristics,Numeric,8,Studio apartment,"1
0
-2","Yes
No
Not applicable","SPH, AHUHEAT, COL, AHUCOL",SPH,SPH,SPH
ZSTUDIO,flag,Numeric,8,Imputation flag for STUDIO,"1
0
-2","Imputed
Not imputed
Not applicable",,,,
BEDROOMS,home characteristics,Numeric,8,Number of bedrooms,0 - 30,Number of bedrooms,HUM,,,
ZBEDROOMS,flag,Numeric,8,Imputation flag for BEDROOMS,"1
0","Imputed
Not imputed",,,,
NCOMBATH,home characteristics,Numeric,8,Number of full bathrooms,0 - 30,Number of full bathrooms,,,,
ZNCOMBATH,flag,Numeric,8,Imputation flag for NCOMBATH,"1
0","Imputed
Not imputed",,,,
NHAFBATH,home characteristics,Numeric,8,Number of half bathrooms,0 - 30,Number of half bathrooms,,,,
ZNHAFBATH,flag,Numeric,8,Imputation flag for NHAFBATH,"1
0","Imputed
Not imputed",,,,
OTHROOMS,home characteristics,Numeric,8,Number of other rooms,1 - 30,Number of other rooms,,,,
ZOTHROOMS,flag,Numeric,8,Imputation flag for OTHROOMS,"1
0","Imputed
Not imputed",,,,
TOTROOMS,home characteristics,Numeric,8,"Total number of rooms in the housing unit, excluding bathrooms",1 - 60,"Total number of rooms in the housing unit, excluding bathrooms","SPH, AHUHEAT, COL, AHUCOL",SPH,SPH,SPH
ZTOTROOMS,flag,Numeric,8,Imputation flag for TOTROOMS,"1
0","Imputed
Not imputed",,,,
WALLTYPE,home characteristics,Numeric,8,Major outside wall material,"1
2
3
4
5
6
7
9","Brick
Wood
Siding
Stucco
Shingle (composition)
Stone
Concrete or concrete block
Other","SPH, AHUHEAT, COL, AHUCOL",SPH,SPH,SPH
ZWALLTYPE,flag,Numeric,8,Imputation flag for WALLTYPE,"1
0","Imputed
Not imputed",,,,
ROOFTYPE,home characteristics,Numeric,8,Major roofing material,"1
2
3
4
5
7
9
-2","Ceramic or clay tiles
Wood shingles/shakes
Metal
Slate or synthetic shake
Shingles (composition or asphalt)
Concrete tiles
Other
Not applicable","SPH, AHUHEAT, COL, AHUCOL",SPH,SPH,SPH
ZROOFTYPE,flag,Numeric,8,Imputation flag for ROOFTYPE,"1
0
-2","Imputed
Not imputed
Not applicable",,,,
HIGHCEIL,home characteristics,Numeric,8,High ceilings,"1
0
-2","Yes
No
Not applicable","SPH, AHUHEAT, COL, AHUCOL",SPH,SPH,SPH
ZHIGHCEIL,flag,Numeric,8,Imputation flag for HIGHCEIL,"1
0
-2","Imputed
Not imputed
Not applicable",,,,
DOOR1SUM,home characteristics,Numeric,8,Number of sliding glass doors,0 - 10,Number of sliding glass doors,,,,
ZDOOR1SUM,flag,Numeric,8,Imputation flag for DOOR1SUM,"1
0","Imputed
Not imputed",,,,
WINDOWS,home characteristics,Numeric,8,Number of windows,"10
20
30
41
42
50
60","1 to 2
3 to 5
6 to 9
10 to 15
16 to 19
20 to 29
30 or more",,,,
ZWINDOWS,flag,Numeric,8,Imputation flag for WINDOWS,"1
0","Imputed
Not imputed",,,,
TYPEGLASS,home characteristics,Numeric,8,Type of glass in most windows,"1
2
3","Single-pane glass
Double-pane glass
Triple-pane glass",,,,
ZTYPEGLASS,flag,Numeric,8,Imputation flag for TYPEGLASS,"1
0","Imputed
Not imputed",,,,
WINFRAME,home characteristics,Numeric,8,Window frame material,"1
2
3
4
5","Wood
Metal (aluminum)
Vinyl
Composite
Fiberglass",,,,
ZWINFRAME,flag,Numeric,8,Imputation flag for WINFRAME,"1
0","Imputed
Not imputed",,,,
ADQINSUL,home characteristics,Numeric,8,Level of insulation,"1
2
3
4","Well insulated
Adequately insulated
Poorly insulated
Not insulated",,,,
ZADQINSUL,flag,Numeric,8,Imputation flag for ADQINSUL,"1
0","Imputed
Not imputed",,,,
DRAFTY,home characteristics,Numeric,8,Frequency of draft,"1
2
3
4","All the time
Most of the time
Some of the time
Never",,,,
ZDRAFTY,flag,Numeric,8,Imputation flag for DRAFTY,"1
0","Imputed
Not imputed",,,,
UGASHERE,home characteristics,Numeric,8,Natural gas available in neighborhood,"1
0","Yes
No",,,,
ZUGASHERE,flag,Numeric,8,Imputation flag for UGASHERE,"1
0","Imputed
Not imputed",,,,
SWIMPOOL,home characteristics,Numeric,8,Swimming pool,"1
0
-2","Yes
No
Not applicable","PLPMP, NEC",PLHEAT,NEC,NEC
ZSWIMPOOL,flag,Numeric,8,Imputation flag for SWIMPOOL,"1
0
-2","Imputed
Not imputed
Not applicable",,,,
MONPOOL,behavioral characteristics,Numeric,8,Months swimming pool used in the last year,"0 - 12
-2","Months swimming pool used in the last year
Not applicable","PLPMP, NEC",PLHEAT,NEC,NEC
ZMONPOOL,flag,Numeric,8,Imputation flag for MONPOOL,"1
0
-2","Imputed
Not imputed
Not applicable",,,,
POOL,home characteristics,Numeric,8,Heated swimming pool,"1
0
-2","Yes
No
Not applicable",,PLHEAT,,
ZPOOL,flag,Numeric,8,Imputation flag for POOL,"1
0
-2","Imputed
Not imputed
Not applicable",,,,
FUELPOOL,Fuel consumption profile,Numeric,8,Fuel used for heating swimming pool,"1
2
3
5
8
21
-2","Natural gas from underground pipes
Propane (bottled gas)
Fuel oil/kerosene
Electricity
Solar
Some other fuel
Not applicable",,PLHEAT,,
ZFUELPOOL,flag,Numeric,8,Imputation flag for FUELPOOL,"1
0
-2","Imputed
Not imputed
Not applicable",,,,
RECBATH,home characteristics,Numeric,8,Hot tub,"1
0","Yes
No","HTBPMP, HTBHEAT",HTBHEAT,NEC,
ZRECBATH,flag,Numeric,8,Imputation flag for RECBATH,"1
0","Imputed
Not imputed",,,,
MONTUB,behavioral characteristics,Numeric,8,Months hot tub used in the last year,"0 - 12
-2","Months hot tub used in the last year
Not applicable","HTBPMP, HTBHEAT",HTBHEAT,NEC,
ZMONTUB,flag,Numeric,8,Imputation flag for MONTUB,"1
0
-2","Imputed
Not imputed
Not applicable",,,,
FUELTUB,Fuel consumption profile,Numeric,8,Fuel used for heating hot tub,"1
2
3
5
8
21
-2","Natural gas from underground pipes
Propane (bottled gas)
Fuel oil/kerosene
Electricity
Solar
Some other fuel
Not applicable",HTBHEAT,HTBHEAT,NEC,
ZFUELTUB,flag,Numeric,8,Imputation flag for FUELTUB,"1
0
-2","Imputed
Not imputed
Not applicable",,,,
OUTLET,home characteristics,Numeric,8,Outlet within 20 feet of vehicle parking,"1
0
-2","Yes
No
Not applicable",NEC,,,
ZOUTLET,flag,Numeric,8,Imputation flag for OUTLET,"1
0
-2","Imputed
Not imputed
Not applicable",,,,
ALTFUELPEV,home characteristics,Numeric,8,Plug-in electric vehicle,"1
0","Yes
No",NEC,,,
ZALTFUELPEV,flag,Numeric,8,Imputation flag for ALTFUELPEV,"1
0","Imputed
Not imputed",,,,
BACKUP,home characteristics,Numeric,8,Back-up generator,"1
0
-2","Yes
No
Not applicable",,,,
ZBACKUP,flag,Numeric,8,Imputation flag for BACKUP,"1
0
-2","Imputed
Not imputed
Not applicable",,,,
SOLAR,Fuel consumption profile,Numeric,8,On-site electricity generation from solar,"1
0
-2","Yes
No
Not applicable",,,,
NUMFRIG,appliances characteristics,Numeric,8,Number of refrigerators used,0 - 30,Number of refrigerators used,RFG,,,
ZNUMFRIG,flag,Numeric,8,Imputation flag for NUMFRIG,"1
0","Imputed
Not imputed",,,,
SIZRFRI1,appliances characteristics,Numeric,8,Size of most-used refrigerator,"1
2
3
4
5
-2","Half-size or compact
Small (17.5 cubic feet or less)
Medium (17.6 to 22.5 cubic feet)
Large (22.6 to 29.5 cubic feet)
Very large (bigger than 29.5 cubic feet)
Not applicable",RFG,,,
ZSIZRFRI1,flag,Numeric,8,Imputation flag for SIZRFRI1,"1
0
-2","Imputed
Not imputed
Not applicable",,,,
TYPERFR1,appliances characteristics,Numeric,8,Door arrangement of most-used refrigerator,"1
21
22
23
5
-2","One door
Two doors, freezer next to the refrigerator
Two doors, freezer above the refrigerator
Two doors, freezer below the refrigerator
Three or more doors
Not applicable",RFG,,,
ZTYPERFR1,flag,Numeric,8,Imputation flag for TYPERFR1,"1
0
-2","Imputed
Not imputed
Not applicable",,,,
AGERFRI1,appliances characteristics,Numeric,8,Age of most-used refrigerator,"1
2
3
41
42
5
-2","Less than 2 years old
2 to 4 years old
5 to 9 years old
10 to 14 years old
15 to 19 years old
20 years or older
Not applicable",RFG,,,
ZAGERFRI1,flag,Numeric,8,Imputation flag for AGERFRI1,"1
0
-2","Imputed
Not imputed
Not applicable",,,,
ICE,behavioral characteristics,Numeric,8,Through-the-door ice on most-used refrigerator,"1
0
-2","Yes
No
Not applicable",RFG,,,
ZICE,flag,Numeric,8,Imputation flag for ICE,"1
0
-2","Imputed
Not imputed
Not applicable",,,,
SIZRFRI2,appliances characteristics,Numeric,8,Size of second most-used refrigerator,"1
2
3
4
5
-2","Half-size or compact
Small (17.5 cubic feet or less)
Medium (17.6 to 22.5 cubic feet)
Large (22.6 to 29.5 cubic feet)
Very large (bigger than 29.5 cubic feet)
Not applicable",RFG,,,
ZSIZRFRI2,flag,Numeric,8,Imputation flag for SIZRFRI2,"1
0
-2","Imputed
Not imputed
Not applicable",,,,
TYPERFR2,appliances characteristics,Numeric,8,Door arrangement of second most-used refrigerator,"1
21
22
23
5
-2","One door
Two doors, freezer next to the refrigerator
Two doors, freezer above the refrigerator
Two doors, freezer below the refrigerator
Three or more doors
Not applicable",RFG,,,
ZTYPERFR2,flag,Numeric,8,Imputation flag for TYPERFR2,"1
0
-2","Imputed
Not imputed
Not applicable",,,,
AGERFRI2,appliances characteristics,Numeric,8,Age of second most-used refrigerator,"1
2
3
41
42
5
-2","Less than 2 years old
2 to 4 years old
5 to 9 years old
10 to 14 years old
15 to 19 years old
20 years or older
Not applicable",RFG,,,
ZAGERFRI2,flag,Numeric,8,Imputation flag for AGERFRI2,"1
0
-2","Imputed
Not imputed
Not applicable",,,,
LOCRFRI2,appliances characteristics,Numeric,8,Location of second most-used refrigerator,"1
2
3
4
9
-2","Basement
Garage
Outside
Main floor of house
Other
Not applicable",RFG,,,
ZLOCRFRI2,flag,Numeric,8,Imputation flag for LOCRFRI2,"1
0
-2","Imputed
Not imputed
Not applicable",,,,
NUMFREEZ,appliances characteristics,Numeric,8,Number of separate freezers used,0 - 30,Number of separate freezers used,FRZ,,,
ZNUMFREEZ,flag,Numeric,8,Imputation flag for NUMFREEZ,"1
0","Imputed
Not imputed",,,,
UPRTFRZR,appliances characteristics,Numeric,8,Door arrangement of most-used freezer,"1
2
-2","Upright
Chest
Not applicable",FRZ,,,
ZUPRTFRZR,flag,Numeric,8,Imputation flag for UPRTFRZR,"1
0
-2","Imputed
Not imputed
Not applicable",,,,
SIZFREEZ,appliances characteristics,Numeric,8,Size of most-used freezer,"1
2
3
4
5
-2","Half-size or compact
Small (17.5 cubic feet or less)
Medium (17.6 to 22.5 cubic feet)
Large (22.6 to 29.5 cubic feet)
Very large (bigger than 29.5 cubic feet)
Not applicable",FRZ,,,
ZSIZFREEZ,flag,Numeric,8,Imputation flag for SIZFREEZ,"1
0
-2","Imputed
Not imputed
Not applicable",,,,
AGEFRZR,appliances characteristics,Numeric,8,Age of most-used freezer,"1
2
3
41
42
5
-2","Less than 2 years old
2 to 4 years old
5 to 9 years old
10 to 14 years old
15 to 19 years old
20 years or older
Not applicable",FRZ,,,
ZAGEFRZR,flag,Numeric,8,Imputation flag for AGEFRZR,"1
0
-2","Imputed
Not imputed
Not applicable",,,,
STOVEN,appliances characteristics,Numeric,8,Number of stoves,0 - 9,Number of stoves,COK,COK,COK,
ZSTOVEN,flag,Numeric,8,Imputation flag for STOVEN,"1
0","Imputed
Not imputed",,,,
STOVENFUEL,Fuel consumption profile,Numeric,8,Fuel used by stove,"1
2
5
13
21
-2","Natural gas from underground pipes 
Propane (bottled gas) 
Electricity
Dual fuel
Some other fuel
Not applicable",COK,COK,COK,
ZSTOVENFUEL,flag,Numeric,8,Imputation flag for STOVENFUEL,"1
0
-2","Imputed
Not imputed
Not applicable",,,,
DUALCOOKTFUEL,Fuel consumption profile,Numeric,8,Fuel used by cooktop part of stove,"1
2
5
21
-2","Natural gas from underground pipes 
Propane (bottled gas)
Electricity
Some other fuel
Not applicable",COK,COK,COK,
ZDUALCOOKTFUEL,flag,Numeric,8,Imputation flag for DUALCOOKTFUEL,"1
0
-2","Imputed
Not imputed
Not applicable",,,,
DUALOVENFUEL,Fuel consumption profile,Numeric,8,Fuel used by oven part of stove,"1
2
5
21
-2","Natural gas from underground pipes 
Propane (bottled gas)
Electricity
Some other fuel
Not applicable",COK,COK,COK,
ZDUALOVENFUEL,flag,Numeric,8,Imputation flag for DUALOVENFUEL,"1
0
-2","Imputed
Not imputed
Not applicable",,,,
COOKTUSE,behavioral characteristics,Numeric,8,Frequency of use of cooktop part of stove,"0 - 99
-2","Frequency of use of cooktop part of stove per week
Not applicable",COK,COK,COK,
ZCOOKTUSE,flag,Numeric,8,Imputation flag for COOKTUSE,"1
0
-2","Imputed
Not imputed
Not applicable",,,,
OVENUSE,behavioral characteristics,Numeric,8,Frequency of use of oven part of stove,"0 - 99
-2","Frequency of use of oven part of stove per week
Not applicable",COK,COK,COK,
ZOVENUSE,flag,Numeric,8,Imputation flag for OVENUSE,"1
0
-2","Imputed
Not imputed
Not applicable",,,,
STOVE,appliances characteristics,Numeric,8,Number of separate cooktops,0 - 9,Number of separate cooktops,COK,COK,COK,
ZSTOVE,flag,Numeric,8,Imputation flag for STOVE,"1
0","Imputed
Not imputed",,,,
STOVEFUEL,Fuel consumption profile,Numeric,8,Fuel used by separate cooktop,"1
2
5
21
-2","Natural gas from underground pipes 
Propane (bottled gas)
Electricity
Some other fuel
Not applicable",COK,COK,COK,
ZSTOVEFUEL,flag,Numeric,8,Imputation flag for STOVEFUEL,"1
0
-2","Imputed
Not imputed
Not applicable",,,,
SEPCOOKTUSE,behavioral characteristics,Numeric,8,Frequency of separate cooktop use,"0 - 99
-2","Frequency of separate cooktop use per week
Not applicable",COK,COK,COK,
ZSEPCOOKTUSE,flag,Numeric,8,Imputation flag for SEPCOOKTUSE,"1
0
-2","Imputed
Not imputed
Not applicable",,,,
OVEN,appliances characteristics,Numeric,8,Number of separate ovens,0 - 9,Number of separate ovens,COK,COK,COK,
ZOVEN,flag,Numeric,8,Imputation flag for OVEN,"1
0","Imputed
Not imputed",,,,
OVENFUEL,Fuel consumption profile,Numeric,8,Fuel used by separate oven,"1
2
5
21
-2","Natural gas from underground pipes 
Propane (bottled gas)
Electricity
Some other fuel
Not applicable",COK,COK,COK,
ZOVENFUEL,flag,Numeric,8,Imputation flag for OVENFUEL,"1
0
-2","Imputed
Not imputed
Not applicable",,,,
SEPOVENUSE,behavioral characteristics,Numeric,8,Frequency of separate oven use,"0 - 99
-2","Frequency of separate oven use per week
Not applicable",COK,COK,COK,
ZSEPOVENUSE,flag,Numeric,8,Imputation flag for SEPOVENUSE,"1
0
-2","Imputed
Not imputed
Not applicable",,,,
MICRO,appliances characteristics,Numeric,8,Microwave oven used,0 - 9,Number of microwave ovens,,,,
ZMICRO,flag,Numeric,8,Imputation flag for MICRO,"1
0","Imputed
Not imputed",,,,
AMTMICRO,behavioral characteristics,Numeric,8,Frequency of microwave use,"0 - 99
-2","Frequency of microwave use per week
Not applicable",MICRO,,,
ZAMTMICRO,flag,Numeric,8,Imputation flag for AMTMICRO,"1
0
-2","Imputed
Not imputed
Not applicable",,,,
OUTGRILL,appliances characteristics,Numeric,8,Outdoor grill used,"1
0","Yes
No",,NEC,,
ZOUTGRILL,flag,Numeric,8,Imputation flag for OUTGRILL,"1
0","Imputed
Not imputed",,,,
OUTGRILLFUEL,Fuel consumption profile,Numeric,8,Fuels used by outdoor grill,"1
2
21
23
-2","Natural gas from underground pipes 
Propane (bottled gas)
Some other fuel
Charcoal
Not applicable",,NEC,,
ZOUTGRILLFUEL,flag,Numeric,8,Imputation flag for OUTGRILLFUEL,"1
0
-2","Imputed
Not imputed
Not applicable",,,,
NUMMEAL,behavioral characteristics,Numeric,8,Frequency hot meals are cooked,"1
2
3
4
5
6
0","Three or more times a day
Two times a day
Once a day
A few times each week
About once a week
Less than once a week
Never",,,,
ZNUMMEAL,flag,Numeric,8,Imputation flag for NUMMEAL,"1
0","Imputed
Not imputed",,,,
TOAST,appliances characteristics,Numeric,8,Toaster used,"1
0","Yes
No",NEC,,,
ZTOAST,flag,Numeric,8,Imputation flag for TOAST,"1
0","Imputed
Not imputed",,,,
TOASTOVN,appliances characteristics,Numeric,8,Toaster oven used,"1
0","Yes
No",NEC,,,
ZTOASTOVN,flag,Numeric,8,Imputation flag for TOASTOVN,"1
0","Imputed
Not imputed",,,,
COFFEE,appliances characteristics,Numeric,8,Coffee maker used,"1
0","Yes
No",NEC,,,
ZCOFFEE,flag,Numeric,8,Imputation flag for COFFEE,"1
0","Imputed
Not imputed",,,,
CROCKPOT,appliances characteristics,Numeric,8,Crockpot or slow cooker used,"1
0","Yes
No",NEC,,,
ZCROCKPOT,flag,Numeric,8,Imputation flag for CROCKPOT,"1
0","Imputed
Not imputed",,,,
FOODPROC,appliances characteristics,Numeric,8,Food processor used,"1
0","Yes
No",NEC,,,
ZFOODPROC,flag,Numeric,8,Imputation flag for FOODPROC,"1
0","Imputed
Not imputed",,,,
RICECOOK,appliances characteristics,Numeric,8,Rice cooker used,"1
0","Yes
No",NEC,,,
ZRICECOOK,flag,Numeric,8,Imputation flag for RICECOOK,"1
0","Imputed
Not imputed",,,,
BLENDER,appliances characteristics,Numeric,8,Blender or juicer used,"1
0","Yes
No",NEC,,,
ZBLENDER,flag,Numeric,8,Imputation flag for BLENDER,"1
0","Imputed
Not imputed",,,,
APPOTHER,appliances characteristics,Numeric,8,Other small appliance used,"1
0","Yes
No",NEC,,,
ZAPPOTHER,flag,Numeric,8,Imputation flag for APPOTHER,"1
0","Imputed
Not imputed",,,,
DISHWASH,appliances characteristics,Numeric,8,Have dishwasher,"1
0","Yes
No",DWH,,,
ZDISHWASH,flag,Numeric,8,Imputation flag for DISHWASH,"1
0","Imputed
Not imputed",,,,
DWASHUSE,behavioral characteristics,Numeric,8,Frequency of dishwasher use,"0 - 99
-2 ","Frequency of dishwasher use per week
Not applicable",DWH,,,
ZDWASHUSE,flag,Numeric,8,Imputation flag for DWASHUSE,"1
0
-2","Imputed
Not imputed
Not applicable",,,,
DWCYCLE,appliances characteristics,Numeric,8,Dishwasher cycle type,"1
2
3
4
5
-2","Normal or default cycle without heated dry
Normal or default cycle with heated dry
Heavy or “pots and pans” cycle
Light or delicate cycle
Energy saver
Not applicable",,,,
ZDWCYCLE,flag,Numeric,8,Imputation flag for DWCYCLE,"1
0
-2","Imputed
Not imputed
Not applicable",,,,
AGEDW,appliances characteristics,Numeric,8,Age of dishwasher,"1
2
3
41
42
5
-2","Less than 2 years old
2 to 4 years old
5 to 9 years old
10 to 14 years old
15 to 19 years old
20 years or older
Not applicable",DWH,,,
ZAGEDW,flag,Numeric,8,Imputation flag for AGEDW,"1
0
-2","Imputed
Not imputed
Not applicable",,,,
CWASHER,appliances characteristics,Numeric,8,Have clothes washer in home,"1
0","Yes
No",CW,,,
ZCWASHER,flag,Numeric,8,Imputation flag for CWASHER,"1
0","Imputed
Not imputed",,,,
TOPFRONT,appliances characteristics,Numeric,8,Top or front loading clothes washer,"1
2
-2","Top loading
Front loading
Not applicable",CW,,,
ZTOPFRONT,flag,Numeric,8,Imputation flag for TOPFRONT,"1
0
-2","Imputed
Not imputed
Not applicable",,,,
WASHLOAD,behavioral characteristics,Numeric,8,Frequency of clothes washer use,"0 - 99
-2","Frequency of clothes washer use per week
Not applicable",CW,,,
ZWASHLOAD,flag,Numeric,8,Imputation flag for WASHLOAD,"1
0
-2","Imputed
Not imputed
Not applicable",,,,
WASHTEMP,appliances characteristics,Numeric,8,Water temperature used for wash cycle,"1
2
3
-2","Hot
Warm
Cold
Not applicable",,,,
ZWASHTEMP,flag,Numeric,8,Imputation flag for WASHTEMP,"1
0
-2","Imputed
Not imputed
Not applicable",,,,
RNSETEMP,appliances characteristics,Numeric,8,Water temperature used for rinse cycle,"1
2
3
-2","Hot
Warm
Cold
Not applicable",,,,
ZRNSETEMP,flag,Numeric,8,Imputation flag for RNSETEMP,"1
0
-2","Imputed
Not imputed
Not applicable",,,,
AGECWASH,appliances characteristics,Numeric,8,Age of clothes washer,"1
2
3
41
42
5
-2","Less than 2 years old
2 to 4 years old
5 to 9 years old
10 to 14 years old
15 to 19 years old
20 years or older
Not applicable",,,,
ZAGECWASH,flag,Numeric,8,Imputation flag for AGECWASH,"1
0
-2","Imputed
Not imputed
Not applicable",,,,
DRYER,appliances characteristics,Numeric,8,Have clothes dryer in home,"1
0","Yes
No",CDR,CDR,CDR,
ZDRYER,flag,Numeric,8,Imputation flag for DRYER,"1
0","Imputed
Not imputed",,,,
DRYRFUEL,Fuel consumption profile,Numeric,8,Fuel used by clothes dryer,"1
2
5
-2","Natural gas from underground pipes
Propane (bottled gas)
Electricity
Not applicable",CDR,CDR,CDR,
ZDRYRFUEL,flag,Numeric,8,Imputation flag for DRYRFUEL,"1
0
-2","Imputed
Not imputed
Not applicable",,,,
DRYRUSE,behavioral characteristics,Numeric,8,Frequency of clothes dryer use,"0 - 99
-2 ","Frequency of clothes dryer use per week
Not applicable",CDR,CDR,CDR,
ZDRYRUSE,flag,Numeric,8,Imputation flag for DRYRUSE,"1
0
-2","Imputed
Not imputed
Not applicable",,,,
AGECDRYER,appliances characteristics,Numeric,8,Age of clothes dryer,"1
2
3
41
42
5
-2","Less than 2 years old
2 to 4 years old
5 to 9 years old
10 to 14 years old
15 to 19 years old
20 years or older
Not applicable",,,,
ZAGECDRYER,flag,Numeric,8,Imputation flag for AGECDRYER,"1
0
-2","Imputed
Not imputed
Not applicable",,,,
TVCOLOR,appliances characteristics,Numeric,8,Number of televisions used,0 - 30,Number of televisions used,TVREL,,,
ZTVCOLOR,flag,Numeric,8,Imputation flag for TVCOLOR,"1
0","Imputed
Not imputed",,,,
TVSIZE1,appliances characteristics,Numeric,8,Size of most-used TV,"1
2
3
4
-2","27 inches or less
28 to 39 inches
40 to 59 inches
60 inches or more
Not applicable",TVREL,,,
ZTVSIZE1,flag,Numeric,8,Imputation flag for TVSIZE1,"1
0
-2","Imputed
Not imputed
Not applicable",,,,
TVTYPE1,appliances characteristics,Numeric,8,Display type of most-used TV,"1
2
3
4
5
-2","LCD
Plasma
LED
Projection
Standard tube
Not applicable",TVREL,,,
ZTVTYPE1,flag,Numeric,8,Imputation flag for TVTYPE1,"1
0
-2","Imputed
Not imputed
Not applicable",,,,
TVONWD1,behavioral characteristics,Numeric,8,Most-used TV usage on weekdays,"1
2
3
4
5
-2","Less than 1 hour
1 to 3 hours  
4 to 6 hours 
7 to 10 hours 
More than 10 hours
Not applicable",TVREL,,,
ZTVONWD1,flag,Numeric,8,Imputation flag for TVONWD1,"1
0
-2","Imputed
Not imputed
Not applicable",,,,
TVONWE1,behavioral characteristics,Numeric,8,Most-used TV usage on weekends,"1
2
3
4
5
-2","Less than 1 hour
1 to 3 hours  
4 to 6 hours 
7 to 10 hours 
More than 10 hours
Not applicable",TVREL,,,
ZTVONWE1,flag,Numeric,8,Imputation flag for TVONWE1,"1
0
-2","Imputed
Not imputed
Not applicable",,,,
TVSIZE2,appliances characteristics,Numeric,8,Size of second most-used TV,"1
2
3
4
-2","27 inches or less
28 to 39 inches
40 to 59 inches
60 inches or more
Not applicable",TVREL,,,
ZTVSIZE2,flag,Numeric,8,Imputation flag for TVSIZE2,"1
0
-2","Imputed
Not imputed
Not applicable",,,,
TVTYPE2,appliances characteristics,Numeric,8,Display type of second most-used TV,"1
2
3
4
5
-2","LCD
Plasma
LED
Projection
Standard tube
Not applicable",TVREL,,,
ZTVTYPE2,flag,Numeric,8,Imputation flag for TVTYPE2,"1
0
-2","Imputed
Not imputed
Not applicable",,,,
TVONWD2,behavioral characteristics,Numeric,8,Second most-used TV usage on weekdays,"1
2
3
4
5
-2","Less than 1 hour
1 to 3 hours  
4 to 6 hours 
7 to 10 hours 
More than 10 hours
Not applicable",TVREL,,,
ZTVONWD2,flag,Numeric,8,Imputation flag for TVONWD2,"1
0
-2","Imputed
Not imputed
Not applicable",,,,
TVONWE2,behavioral characteristics,Numeric,8,Second most-used TV usage on weekends,"1
2
3
4
5
-2","Less than 1 hour
1 to 3 hours  
4 to 6 hours 
7 to 10 hours 
More than 10 hours
Not applicable",TVREL,,,
ZTVONWE2,flag,Numeric,8,Imputation flag for TVONWE2,"1
0
-2","Imputed
Not imputed
Not applicable",,,,
CABLESAT,appliances characteristics,Numeric,8,Number of cable or satellite boxes without DVR,"0 - 30
-2","Number of cable or satellite boxes without DVR
Not applicable",TVREL,,,
ZCABLESAT,flag,Numeric,8,Imputation flag for CABLESAT,"1
0
-2","Imputed
Not imputed
Not applicable",,,,
COMBODVR,appliances characteristics,Numeric,8,Number of cable or satellite boxes with DVR,"0 - 30
-2","Number of cable or satellite boxes with DVR
Not applicable",TVREL,,,
ZCOMBODVR,flag,Numeric,8,Imputation flag for COMBODVR,"1
0
-2","Imputed
Not imputed
Not applicable",,,,
SEPDVR,appliances characteristics,Numeric,8,Number of separate DVRs,"0 - 30
-2","Number of separate DVRs
Not applicable",TVREL,,,
ZSEPDVR,flag,Numeric,8,Imputation flag for SEPDVR,"1
0
-2","Imputed
Not imputed
Not applicable",,,,
PLAYSTA,appliances characteristics,Numeric,8,Number of video game consoles,"0 - 30
-2","Number of video game consoles
Not applicable",TVREL,,,
ZPLAYSTA,flag,Numeric,8,Imputation flag for PLAYSTA,"1
0
-2","Imputed
Not imputed
Not applicable",,,,
DVD,appliances characteristics,Numeric,8,Number of DVD or Blu-ray players,"0 - 30
-2 ","Number of DVD or Blu-ray players
Not applicable",TVREL,,,
ZDVD,flag,Numeric,8,Imputation flag for DVD,"1
0
-2","Imputed
Not imputed
Not applicable",,,,
VCR,appliances characteristics,Numeric,8,Number of VCRs,"0 - 30
-2","Number of VCRs
Not applicable",TVREL,,,
ZVCR,flag,Numeric,8,Imputation flag for VCR,"1
0
-2","Imputed
Not imputed
Not applicable",,,,
INTSTREAM,appliances characteristics,Numeric,8,Number of internet streaming devices,"0 - 30
-2 ","Number of internet streaming devices
Not applicable",TVREL,,,
ZINTSTREAM,flag,Numeric,8,Imputation flag for INTSTREAM,"1
0
-2","Imputed
Not imputed
Not applicable",,,,
TVAUDIOSYS,appliances characteristics,Numeric,8,Number of home theater or audio systems,"0 - 30
-2","Number of home theater or audio systems
Not applicable",,,,
ZTVAUDIOSYS,flag,Numeric,8,Imputation flag for TVAUDIOSYS,"1
0
-2","Imputed
Not imputed
Not applicable",,,,
DESKTOP,appliances characteristics,Numeric,8,Number of desktop computers,0 - 30,Number of desktop computers,NEC,,,
ZDESKTOP,flag,Numeric,8,Imputation flag for DESKTOP,"1
0","Imputed
Not imputed",,,,
NUMLAPTOP,appliances characteristics,Numeric,8,Number of laptop computers,0 - 30,Number of laptop computers,NEC,,,
ZNUMLAPTOP,flag,Numeric,8,Imputation flag for NUMLAPTOP,"1
0","Imputed
Not imputed",,,,
NUMTABLET,appliances characteristics,Numeric,8,Number of tablet computers or e-readers,0 - 30,Number of tablet computers or e-readers,NEC,,,
ZNUMTABLET,flag,Numeric,8,Imputation flag for NUMTABLET,"1
0","Imputed
Not imputed",,,,
ELPERIPH,appliances characteristics,Numeric,8,"Number of printers, scanners, fax machines, or copiers",0 - 30,"Number of printers, scanners, fax machines, or copiers",NEC,,,
ZELPERIPH,flag,Numeric,8,Imputation flag for ELPERIPH,"1
0","Imputed
Not imputed",,,,
NUMSMPHONE,appliances characteristics,Numeric,8,Number of smart phones,0 - 30,Number of smart phones,NEC,,,
ZNUMSMPHONE,flag,Numeric,8,Imputation flag for NUMSMPHONE,"1
0","Imputed
Not imputed",,,,
CELLPHONE,appliances characteristics,Numeric,8,Number of other cell phones,0 - 30,Number of other cell phones,NEC,,,
ZCELLPHONE,flag,Numeric,8,Imputation flag for CELLPHONE,"1
0","Imputed
Not imputed",,,,
INTERNET,appliances characteristics,Numeric,8,Internet access at home,"1
0","Yes
No",NEC,,,
ZINTERNET,flag,Numeric,8,Imputation flag for INTERNET,"1
0","Imputed
Not imputed",,,,
INWIRELESS,appliances characteristics,Numeric,8,Wireless internet access,"1
0
-2","Yes
No
Not applicable",,,,
ZINWIRELESS,flag,Numeric,8,Imputation flag for INWIRELESS,"1
0
-2","Imputed
Not imputed
Not applicable",,,,
HEATHOME,appliances characteristics,Numeric,8,Space heating used,"1
0","Yes
No","SPH, AHUHEAT",SPH,SPH,SPH
ZHEATHOME,flag,Numeric,8,Imputation flag for HEATHOME,"1
0","Imputed
Not imputed",,,,
DNTHEAT,behavioral characteristics,Numeric,8,"No space heating equipment, or unused space heating equipment","1
2
-2","Have equipment, but don't use it
Don't have equipment
Not applicable",,,,
ZDNTHEAT,flag,Numeric,8,Imputation flag for DNTHEAT,"1
0
-2","Imputed
Not imputed
Not applicable",,,,
EQUIPM,appliances characteristics,Numeric,8,Main space heating equipment type,"2
3
4
5
6
7
8
9
10
21
-2","Steam/hot water system with radiators or pipes
Central furnace
Heat pump
Built-in electric units installed in walls, ceilings, baseboards, or floors
Built-in floor/wall pipeless furnace
Built-in room heater burning gas, oil, or kerosene
Wood-burning stove
Fireplace
Portable electric heaters
Some other equipment
Not applicable","SPH, AHUHEAT",SPH,SPH,SPH
ZEQUIPM,flag,Numeric,8,Imputation flag for EQUIPM,"1
0
-2","Imputed
Not imputed
Not applicable",,,,
FUELHEAT,Fuel consumption profile,Numeric,8,Main space heating fuel,"1
2
3
5
7
21
-2","Natural gas from underground pipes
Propane (bottled gas)
Fuel oil/kerosene
Electricity
Wood
Some other fuel
Not applicable","SPH, AHUHEAT",SPH,SPH,SPH
ZFUELHEAT,flag,Numeric,8,Imputation flag for FUELHEAT,"1
0
-2","Imputed
Not imputed
Not applicable",,,,
EQUIPAGE,appliances characteristics,Numeric,8,Age of main space heating equipment,"1
2
3
41
42
5
-2","Less than 2 years old
2 to 4 years old
5 to 9 years old
10 to 14 years old
15 to 19 years old
20 years old
Not applicable","SPH, AHUHEAT",SPH,SPH,SPH
ZEQUIPAGE,flag,Numeric,8,Imputation flag for EQUIPAGE,"1
0
-2","Imputed
Not imputed
Not applicable",,,,
THERMAIN,appliances characteristics,Numeric,8,Any thermostats,"1
0
-2","Yes
No
Not applicable",,,,
ZTHERMAIN,flag,Numeric,8,Imputation flag for THERMAIN,"1
0
-2","Imputed
Not imputed
Not applicable",,,,
PROTHERM,appliances characteristics,Numeric,8,Programmable main thermostat,"1
0
-2","Yes
No
Not applicable",,,,
ZPROTHERM,flag,Numeric,8,Imputation flag for PROTHERM,"1
0
-2","Imputed
Not imputed
Not applicable",,,,
EQUIPMUSE,behavioral characteristics,Numeric,8,Main heating equipment household behavior,"1
2
3
4
5
9
-9","Set one temperature and leave it there most of the time
Manually adjust the temperature at night or when no one is at home
Program the thermostat to automatically adjust the temperature during the day and night at certain times
Turn equipment on or off as needed
Our household does not have control over the equipment
Other
Not applicable",,,,
ZEQUIPMUSE,flag,Numeric,8,Imputation flag for EQUIPMUSE,"1
0
-2","Imputed
Not imputed
Not applicable",,,,
TEMPHOME,behavioral characteristics,Numeric,8,Winter temperature when someone is home during the day,"50 - 90
-2","Winter temperature when someone is home during the day
Not applicable","SPH, AHUHEAT",SPH,SPH,SPH
ZTEMPHOME,flag,Numeric,8,Imputation flag for TEMPHOME,"1
0
-2","Imputed
Not imputed
Not applicable",,,,
TEMPGONE,behavioral characteristics,Numeric,8,Winter temperature when no one is home during the day,"50 - 90
-2","Winter temperature when no one is home during the day
Not applicable","SPH, AHUHEAT",SPH,SPH,SPH
ZTEMPGONE,flag,Numeric,8,Imputation flag for TEMPGONE,"1
0
-2","Imputed
Not imputed
Not applicable",,,,
TEMPNITE,behavioral characteristics,Numeric,8,Winter temperature at night,"50 - 90
-2","Winter temperature at night
Not applicable","SPH, AHUHEAT",SPH,SPH,SPH
ZTEMPNITE,flag,Numeric,8,Imputation flag for TEMPNITE,"1
0
-2","Imputed
Not imputed
Not applicable",,,,
EQUIPAUX,appliances characteristics,Numeric,8,Secondary space heating equipment used,"1
0
-2","Yes
No
Not applicable","SPH, AHUHEAT",SPH,SPH,SPH
ZEQUIPAUX,flag,Numeric,8,Imputation flag for EQUIPAUX,"1
0
-2","Imputed
Not imputed
Not applicable",,,,
EQUIPAUXTYPE,appliances characteristics,Numeric,8,Secondary space heating equipment type,"1
2
3
4
9
-2","Portable electric heater
Wood-burning stove
Natural gas fireplace
Wood-burning fireplace
Some other equipment
Not applicable","SPH, AHUHEAT",SPH,SPH,SPH
ZEQUIPAUXTYPE,flag,Numeric,8,Imputation flag for EQUIPAUXTYPE,"1
0
-2","Imputed
Not imputed
Not applicable",,,,
FUELAUX,Fuel consumption profile,Numeric,8,Secondary space heating fuel,"1
2
3
5
7
21
-2","Natural gas from underground pipes
Propane (bottled gas)
Fuel oil/kerosene
Electricity
Wood
Some other fuel
Not applicable","SPH, AHUHEAT",SPH,SPH,SPH
ZFUELAUX,flag,Numeric,8,Imputation flag for FUELAUX,"1
0
-2","Imputed
Not imputed
Not applicable",,,,
BASEHEAT,appliances characteristics,Numeric,8,Heating used in basement,"1
0
-2","Yes
No
Not applicable","SPH, AHUHEAT",SPH,SPH,SPH
ZBASEHEAT,flag,Numeric,8,Imputation flag for BASEHEAT,"1
0
-2","Imputed
Not imputed
Not applicable",,,,
ATTCHEAT,appliances characteristics,Numeric,8,Heating used in attic,"1
0
-2","Yes
No
Not applicable","SPH, AHUHEAT",SPH,SPH,SPH
ZATTCHEAT,flag,Numeric,8,Imputation flag for ATTCHEAT,"1
0
-2","Imputed
Not imputed
Not applicable",,,,
GARGHEAT,appliances characteristics,Numeric,8,Heating used in attached garage,"1
0
-2","Yes
No
Not applicable","SPH, AHUHEAT",SPH,SPH,SPH
ZGARGHEAT,flag,Numeric,8,Imputation flag for GARGHEAT,"1
0
-2","Imputed
Not imputed
Not applicable",,,,
MOISTURE,appliances characteristics,Numeric,8,Humidifier used,"1
0","Yes
No",,,,
ZMOISTURE,flag,Numeric,8,Imputation flag for MOISTURE,"1
0","Imputed
Not imputed",,,,
USEMOISTURE,behavioral characteristics,Numeric,8,Number of months humidifier used in last year,"0 - 12
-2","Number of months humidifier used in last year
Not applicable",HUM,,,
ZUSEMOISTURE,flag,Numeric,8,Imputation flag for USEMOISTURE,"1
0
-2","Imputed
Not imputed
Not applicable",,,,
AIRCOND,appliances characteristics,Numeric,8,Air conditioning equipment used,"1
0","Yes
No",COL,,,
ZAIRCOND,flag,Numeric,8,Imputation flag for AIRCOND,"1
0","Imputed
Not imputed",,,,
COOLTYPE,appliances characteristics,Numeric,8,Type of air conditioning equipment used,"1
2
3
-2","Central air conditioning system
Individual window/wall or portable units 
Both a central system and individual units
Not applicable",COL,,,
ZCOOLTYPE,flag,Numeric,8,Imputation flag for COOLTYPE,"1
0
-2","Imputed
Not imputed
Not applicable",,,,
CENACHP,appliances characteristics,Numeric,8,Central air conditioner is a heat pump,"1
0
-2","Yes
No
Not applicable",COL,,,
ZCENACHP,flag,Numeric,8,Imputation flag for CENACHP,"1
0
-2","Imputed
Not imputed
Not applicable",,,,
AGECENAC,appliances characteristics,Numeric,8,Age of central air conditioner,"1
2
3
41
42
5
-2","Less than 2 years old
2 to 4 years old
5 to 9 years old
10 to 14 years old
15 to 19 years old
20 years or older
Not applicable",COL,,,
ZAGECENAC,flag,Numeric,8,Imputation flag for AGECENAC,"1
0
-2","Imputed
Not imputed
Not applicable",,,,
THERMAINAC,appliances characteristics,Numeric,8,Thermostat for central air conditioner,"1
0
-2","Yes
No
Not applicable",,,,
ZTHERMAINAC,flag,Numeric,8,Imputation flag for THERMAINAC,"1
0
-2","Imputed
Not imputed
Not applicable",,,,
PROTHERMAC,appliances characteristics,Numeric,8,Programmable thermostat for central air conditioner,"1
0
-2","Yes
No
Not applicable",,,,
ZPROTHERMAC,flag,Numeric,8,Imputation flag for PROTHERMAC,"1
0
-2","Imputed
Not imputed
Not applicable",,,,
USECENAC,behavioral characteristics,Numeric,8,Central air conditioner household behavior,"1
2
3
4
5
-2","Set one temperature and leave it there most of the time
Manually adjust the temperature at night or when no one is at home
Program the thermostat to automatically adjust the temperature during the day and night at certain times
Turn equipment on or off as needed
Our household does not have control over the equipment
Not applicable",COL,,,
ZUSECENAC,flag,Numeric,8,Imputation flag for USECENAC,"1
0
-2","Imputed
Not imputed
Not applicable",,,,
NUMBERAC,appliances characteristics,Numeric,8,Number of individual air conditioning units used,"1 - 15
-2","Number of individual air conditioning units used
Not applicable",COL,,,
ZNUMBERAC,flag,Numeric,8,Imputation flag for NUMBERAC,"1
0
-2","Imputed
Not imputed
Not applicable",,,,
WWACAGE,appliances characteristics,Numeric,8,Age of most-used individual air conditioning unit,"1
2
3
41
42
5
-2","Less than 2 years old
2 to 4 years old
5 to 9 years old
10 to 14 years old
15 to 19 years old
20 years or older
Not applicable",COL,,,
ZWWACAGE,flag,Numeric,8,Imputation flag for WWACAGE,"1
0
-2","Imputed
Not imputed
Not applicable",,,,
USEWWAC,behavioral characteristics,Numeric,8,Most-used individual air conditioning unit household behavior,"1
2
3
4
5
9
-2","Set one temperature and leave it there most of the time
Manually adjust the temperature at night or when no one is at home
Program the thermostat to automatically adjust the temperature during the day and night at certain times
Turn equipment on or off as needed
Our household does not have control over the equipment
Other
Not applicable",COL,,,
ZUSEWWAC,flag,Numeric,8,Imputation flag for USEWWAC,"1
0
-2","Imputed
Not imputed
Not applicable",,,,
TEMPHOMEAC,behavioral characteristics,Numeric,8,Summer temperature when someone is home during the day,"50 - 90
-2","Summer temperature when someone is home during the day
Not applicable",COL,,,
ZTEMPHOMEAC,flag,Numeric,8,Imputation flag for TEMPHOMEAC,"1
0
-2","Imputed
Not imputed
Not applicable",,,,
TEMPGONEAC,behavioral characteristics,Numeric,8,Summer temperature when no one is home during the day,"50 - 90
-2","Summer temperature when no one is home during the day
Not applicable",COL,,,
ZTEMPGONEAC,flag,Numeric,8,Imputation flag for TEMPGONEAC,"1
0
-2","Imputed
Not imputed
Not applicable",,,,
TEMPNITEAC,behavioral characteristics,Numeric,8,Summer temperature at night,"50 - 90
-2","Summer temperature at night
Not applicable",COL,,,
ZTEMPNITEAC,flag,Numeric,8,Imputation flag for TEMPNITEAC,"1
0
-2","Imputed
Not imputed
Not applicable",,,,
BASECOOL,appliances characteristics,Numeric,8,Cooling used in basement,"1
0
-2","Yes
No
Not applicable",COL,,,
ZBASECOOL,flag,Numeric,8,Imputation flag for BASECOOL,"1
0
-2","Imputed
Not imputed
Not applicable",,,,
ATTCCOOL,appliances characteristics,Numeric,8,Cooling used in attic,"1
0
-2","Yes
No
Not applicable",COL,,,
ZATTCCOOL,flag,Numeric,8,Imputation flag for ATTCCOOL,"1
0
-2","Imputed
Not imputed
Not applicable",,,,
GARGCOOL,appliances characteristics,Numeric,8,Cooling used in attached garage,"1
0
-2","Yes
No
Not applicable","COL, RFG",,,
ZGARGCOOL,flag,Numeric,8,Imputation flag for GARGCOOL,"1
0
-2","Imputed
Not imputed
Not applicable",,,,
SWAMPCOL,appliances characteristics,Numeric,8,Swamp cooler used,"1
0
-2","Yes
No
Not applicable",EVAPCOL,,,
ZSWAMPCOL,flag,Numeric,8,Imputation flag for SWAMPCOL,"1
0
-2","Imputed
Not imputed
Not applicable",,,,
NUMCFAN,appliances characteristics,Numeric,8,Number of ceiling fans used,0 - 15,Number of ceiling fans used,CFAN,,,
ZNUMCFAN,flag,Numeric,8,Imputation flag for NUMCFAN,"1
0","Imputed
Not imputed",,,,
NUMFLOORFAN,appliances characteristics,Numeric,8,"Number of floor, window, or table fans used",0 - 15,"Number of floor, window, or table fans used",NEC,,,
ZNUMFLOORFAN,flag,Numeric,8,Imputation flag for NUMFLOORFAN,"1
0","Imputed
Not imputed",,,,
NUMWHOLEFAN,appliances characteristics,Numeric,8,Number of whole house fans used,"0 - 15
-2","Number of whole house fans used
Not applicable",NEC,,,
ZNUMWHOLEFAN,flag,Numeric,8,Imputation flag for NUMWHOLEFAN,"1
0
-2","Imputed
Not imputed
Not applicable",,,,
NUMATTICFAN,appliances characteristics,Numeric,8,Number of attic fans used,"0 - 15
-2","Number of attic fans used
Not applicable",NEC,,,
ZNUMATTICFAN,flag,Numeric,8,Imputation flag for NUMATTICFAN,"1
0
-2","Imputed
Not imputed
Not applicable",,,,
NOTMOIST,appliances characteristics,Numeric,8,Dehumidifier used,"1
0","Yes
No",,,,
ZNOTMOIST,flag,Numeric,8,Imputation flag for NOTMOIST,"1
0","Imputed
Not imputed",,,,
USENOTMOIST,behavioral characteristics,Numeric,8,Number of months dehumidifier used in last year,"0 - 12
-2","Number of months dehumidifier used in last year
Not applicable",DHUM,,,
ZUSENOTMOIST,flag,Numeric,8,Imputation flag for USENOTMOIST,"1
0
-2","Imputed
Not imputed
Not applicable",,,,
FUELH2O,Fuel consumption profile,Numeric,8,Fuel used by main water heater,"1
2
3
5
7
8
21","Natural gas from underground pipes
Propane (bottled gas)
Fuel oil/kerosene
Electricity
Wood
Solar
Some other fuel",WTH,WTH,WTH,WTH
ZFUELH2O,flag,Numeric,8,Imputation flag for FUELH2O,"1
0","Imputed
Not imputed",,,,
H2OHEATAPT,appliances characteristics,Numeric,8,Water heater in apartment or other part of building,"1
2
-2","In apartment 
Somewhere else in building
Not applicable",,,,
ZH2OHEATAPT,flag,Numeric,8,Imputation flag for H2OHEATAPT,"1
0
-2","Imputed
Not imputed
Not applicable",,,,
WHEATAGE,appliances characteristics,Numeric,8,Main water heater age,"1
2
3
41
42
5
-2","Less than 2 years old
2 to 4 years old
5 to 9 years old
10 to 14 years old
15 to 19 years old
20 years or older
Not applicable",,,,
ZWHEATAGE,flag,Numeric,8,Imputation flag for WHEATAGE,"1
0
-2","Imputed
Not imputed
Not applicable",,,,
WHEATSIZ,appliances characteristics,Numeric,8,Main water heater size,"1
2
3
4
-2","Small storage tank (30 gallons or less) 
Medium storage tank  (31 to 49 gallons) 
Large storage tank  (50 gallons or more) 
Tankless or on-demand
Not applicable",WTH,WTH,WTH,WTH
ZWHEATSIZ,flag,Numeric,8,Imputation flag for WHEATSIZ,"1
0
-2","Imputed
Not imputed
Not applicable",,,,
MORETHAN1H2O,appliances characteristics,Numeric,8,More than one water heater,"1
0
-2","Yes
No
Not applicable",,,,
ZMORETHAN1H2O,flag,Numeric,8,Imputation flag for MORETHAN1H2O,"1
0
-2","Imputed
Not imputed
Not applicable",,,,
FUELH2O2,Fuel consumption profile,Numeric,8,Fuel used by secondary water heater,"1
2
3
5
7
8
21
-2","Natural gas from underground pipes
Propane (bottled gas)
Fuel oil/kerosene
Electricity
Wood
Solar
Some other fuel
Not applicable",WTH,WTH,WTH,WTH
ZFUELH2O2,flag,Numeric,8,Imputation flag for FUELH2O2,"1
0
-2","Imputed
Not imputed
Not applicable",,,,
LGTINNUM,appliances characteristics,Numeric,8,Number of light bulbs installed inside the home,"1
2
3
4
5","Fewer than 20 light bulbs
20 to 39 light bulbs
40 to 59 light bulbs
60 to 79 light bulbs
80 or more light bulbs",LGT,,,
ZLGTINNUM,flag,Numeric,8,Imputation flag for LGTINNUM,"1
0","Imputed
Not imputed",,,,
LGTIN4,appliances characteristics,Numeric,8,Number of inside light bulbs turned on at least 4 hours a day,0 - 99,Number of inside light bulbs turned on at least 4 hours a day,LGT,,,
ZLGTIN4,flag,Numeric,8,Imputation flag for LGTIN4,"1
0","Imputed
Not imputed",,,,
LGTINCAN,appliances characteristics,Numeric,8,Portion of inside light bulbs that are incandescent,"1
2
3
4
0","All
Most
About half
Some
None",LGT,,,
ZLGTINCAN,flag,Numeric,8,Imputation flag for LGTINCAN,"1
0","Imputed
Not imputed",,,,
LGTINCFL,appliances characteristics,Numeric,8,Portion of inside light bulbs that are CFL,"1
2
3
4
0","All
Most
About half
Some
None",LGT,,,
ZLGTINCFL,flag,Numeric,8,Imputation flag for LGTINCFL,"1
0","Imputed
Not imputed",,,,
LGTINLED,appliances characteristics,Numeric,8,Portion of inside light bulbs that are LED,"1
2
3
4
0","All
Most
About half
Some
None",LGT,,,
ZLGTINLED,flag,Numeric,8,Imputation flag for LGTINLED,"1
0","Imputed
Not imputed",,,,
LGTINCNTL,appliances characteristics,Numeric,8,Inside light bulbs controlled by timers or dimmer switches,"1
0","Yes
No",,,,
ZLGTINCNTL,flag,Numeric,8,Imputation flag for LGTINCNTL,"1
0","Imputed
Not imputed",,,,
LGTOUTNUM,appliances characteristics,Numeric,8,Number of light bulbs installed outside the home,"0
1
2
3
-2","None
1 to 4 bulbs
5 to 9 bulbs
10 or more bulbs
Not applicable",LGT,,,
ZLGTOUTNUM,flag,Numeric,8,Imputation flag for LGTOUTNUM,"1
0
-2","Imputed
Not imputed
Not applicable",,,,
LGTOUTCNTL,appliances characteristics,Numeric,8,Outside light bulbs controlled by motion detectors or light sensors,"1
0
-2","Yes
No
Not applicable",,,,
ZLGTOUTCNTL,flag,Numeric,8,Imputation flag for LGTOUTCNTL,"1
0
-2","Imputed
Not imputed
Not applicable",,,,
AUDIT,appliances characteristics,Numeric,8,Home energy audit,"1
0
-8
-9","Yes
No
Refused
Don’t know",,,,
AUDITCHG,behavioral characteristics,Numeric,8,Made changes suggested by home energy auditor,"1
0
-2
-9","Yes
No
Not applicable
Don’t know",,,,
EELIGHTS,appliances characteristics,Numeric,8,Received free or subsidized energy-efficient light bulbs,"1
0
-2
-8
-9","Yes
No
Not applicable
Refused
Don’t know",,,,
FREEAUDIT,appliances characteristics,Numeric,8,Received free or subsidized home energy audit,"1
0
-2
-8
-9","Yes
No
Not applicable
Refused
Don’t know",,,,
REBATEAPP,home characteristics,Numeric,8,Received utility or energy supplier rebate for new appliance or equipment,"1
0
-2
-8
-9","Yes
No
Not applicable
Refused
Don’t know",,,,
RECYCAPP,home characteristics,Numeric,8,"Received free recycling of old appliance or equipment (for example, a refrigerator)","1
0
-2
-8
-9","Yes
No
Not applicable
Refused
Don’t know",,,,
TAXCREDITAPP,home characteristics,Numeric,8,Received tax credit for new appliance or equipment,"1
0
-2
-8
-9","Yes
No
Not applicable
Refused
Don’t know",,,,
BENOTHER,home characteristics,Numeric,8,Received some other energy-related benefit or assistance,"1
0
-2
-8
-9","Yes
No
Not applicable
Refused
Don’t know",,,,
ESCWASH,appliances characteristics,Numeric,8,Energy Star qualified clothes washer,"1
0
-2
-8
-9","Yes
No
Not applicable
Refused
Don’t know",CW,,,
ESDISHW,appliances characteristics,Numeric,8,Energy Star qualified dishwasher,"1
0
-2
-8
-9","Yes
No
Not applicable
Refused
Don’t know",DWH,,,
ESDRYER,appliances characteristics,Numeric,8,Energy Star qualified clothes dryer,"1
0
-2
-8
-9","Yes
No
Not applicable
Refused
Don’t know",,,,
ESFREEZE,appliances characteristics,Numeric,8,Energy Star qualified freezer,"1
0
-2
-8
-9","Yes
No
Not applicable
Refused
Don’t know",,,,
ESFRIG,appliances characteristics,Numeric,8,Energy Star qualified refrigerator,"1
0
-2
-8
-9","Yes
No
Not applicable
Refused
Don’t know",RFG,,,
ESLIGHT,appliances characteristics,Numeric,8,Energy Star qualified lightbulbs,"1
0
-8
-9","Yes
No
Refused
Don’t know",,,,
ESWATER,appliances characteristics,Numeric,8,Energy Star qualified water heating,"1
0
-8
-9","Yes
No
Refused
Don’t know",,,,
ESWIN,appliances characteristics,Numeric,8,Energy Star qualified windows,"1
0
-8
-9","Yes
No
Refused
Don’t know",,,,
SMARTTHERM,appliances characteristics,Numeric,8,Smart thermostat,"1
0
-2
-9","Yes
No
Not applicable
Don't know",,,,
ELPAY,home characteristics,Numeric,8,Who pays for electricity,"1
2
3
9","Household is responsible for paying for all used in this home
All used in this home is included in the rent or condo fee
Some is paid by the household, some is included in the rent or condo fee
Paid for some other way",,,,
ZELPAY,flag,Numeric,8,Imputation flag for ELPAY,"1
0","Imputed
Not imputed",,,,
NGPAY,home characteristics,Numeric,8,Who pays for natural gas,"1
2
3
9
-2","Household is responsible for paying for all used in this home
All used in this home is included in the rent or condo fee
Some is paid by the household, some is included in the rent or condo fee
Paid for some other way
Not applicable",,,,
ZNGPAY,flag,Numeric,8,Imputation flag for NGPAY,"1
0
-2","Imputed
Not imputed
Not applicable",,,,
LPGPAY,home characteristics,Numeric,8,Who pays for propane,"1
2
3
9
-2","Household is responsible for paying for all used in this home
All used in this home is included in the rent or condo fee
Some is paid by the household, some is included in the rent or condo fee
Paid for some other way
Not applicable",,,,
ZLPGPAY,flag,Numeric,8,Imputation flag for LPGPAY,"1
0
-2","Imputed
Not imputed
Not applicable",,,,
FOPAY,home characteristics,Numeric,8,Who pays for fuel oil,"1
2
3
9
-2","Household is responsible for paying for all used in this home
All used in this home is included in the rent or condo fee
Some is paid by the household, some is included in the rent or condo fee
Paid for some other way
Not applicable",,,,
ZFOPAY,flag,Numeric,8,Imputation flag for FOPAY,"1
0
-2","Imputed
Not imputed
Not applicable",,,,
SMARTMETER,home characteristics,Numeric,8,Home has an electricity smart meter,"1
0
-8
-9","Yes
No
Refused
Don’t know",,,,
INTDATA,human characteristics,Numeric,8,Household has access to smart meter interval data,"1
0
-2
-8
-9","Yes
No
Not applicable
Refused
Don’t know",,,,
INTDATAACC,human characteristics,Numeric,8,Household member has viewed smart meter interval data,"1
0
-2
-9","Yes
No
Not applicable
Don’t know",,,,
HHSEX,human characteristics,Numeric,8,Respondent sex,"1
2","Female
Male",,,,
ZHHSEX,flag,Numeric,8,Imputation flag for HHSEX,"1
0","Imputed
Not imputed",,,,
HHAGE,human characteristics,Numeric,8,Respondent age,18 - 110,Respondent age,,,,
ZHHAGE,flag,Numeric,8,Imputation flag for HHAGE,"1
0","Imputed
Not imputed",,,,
EMPLOYHH,human characteristics,Numeric,8,Respondent employment status,"1
2
0","Employed full-time
Employed part-time
Not employed/retired",,,,
ZEMPLOYHH,flag,Numeric,8,Imputation flag for EMPLOYHH,"1
0","Imputed
Not imputed",,,,
SDESCENT,human characteristics,Numeric,8,Respondent is Hispanic or Latino,"1
0","Yes
No",,,,
ZSDESCENT,flag,Numeric,8,Imputation flag for SDESCENT,"1
0","Imputed
Not imputed",,,,
HOUSEHOLDER_RACE,human characteristics,Numeric,8,Householder (respondent) race,"1
2
3
4
5
6
7","White Alone
Black or African/American Alone
American Indian or Alaska Native Alone
Asian Alone
Native Hawaiian or Other Pacific Islander Alone
Some Other Race Alone
2 or More Races Selected",,,,
ZHOUSEHOLDER_RACE,flag,Numeric,8,Imputation flag for HOUSEHOLDER_RACE,"1
0","Imputed
Not imputed",,,,
EDUCATION,human characteristics,Numeric,8,Highest education completed by respondent,"1
2
3
4
5","Less than high school diploma or GED
High school diploma or GED
Some college or Associate’s degree
Bachelor’s degree (for example: BA, BS)
Master’s, Professional, or Doctorate degree (for example: MA, MS, MBA, MD, JD, PhD)",,,,
ZEDUCATION,flag,Numeric,8,Imputation flag for EDUCATION,"1
0","Imputed
Not imputed",,,,
NHSLDMEM,human characteristics,Numeric,8,Number of household members,1 - 20,Number of household members,WTH,WTH,WTH,WTH
ZNHSLDMEM,flag,Numeric,8,Imputation flag for NHSLDMEM,"1
0","Imputed
Not imputed",,,,
NUMADULT,human characteristics,Numeric,8,Number of household members age 18 or older,1 - 20,Number of household members age 18 or older,,,,
ZNUMADULT,flag,Numeric,8,Imputation flag for NUMADULT,"1
0","Imputed
Not imputed",,,,
NUMCHILD,human characteristics,Numeric,8,Number of household members age 17 or younger,0 - 20,Number of household members age 17 or younger,,,,
ZNUMCHILD,flag,Numeric,8,Imputation flag for NUMCHILD,"1
0","Imputed
Not imputed",,,,
ATHOME,human characteristics,Numeric,8,Number of weekdays someone is at home,0 - 5,Number of weekdays someone is at home,"SPH, AHUHEAT, COL, AHUCOL",SPH,SPH,SPH
ZATHOME,flag,Numeric,8,Imputation flag for ATHOME,"1
0","Imputed
Not imputed",,,,
MONEYPY,human characteristics,Numeric,8,Annual gross household income for the last year,"1
2
3
4
5
6
7
8","Less than $20,000
$20,000 - $39,999
$40,000 - $59,999
$60,000 to $79,999
$80,000 to $99,999
$100,000 to $119,999
$120,000 to $139,999
$140,000 or more",,,,
ZMONEYPY,flag,Numeric,8,Imputation flag for MONEYPY,"1
0","Imputed
Not imputed",,,,
ENERGYASST,human characteristics,Numeric,8,Participated in home energy assistance program,"1
0","Yes
No",,,,
ZENERGYASST,flag,Numeric,8,Imputation flag for ENERGYASST,"1
0","Imputed
Not imputed",,,,
ENERGYASST11,human characteristics,Numeric,8,Received home energy assistance in 2011,"1
0
-2","Yes
No
Not applicable",,,,
ZENERGYASST11,flag,Numeric,8,Imputation flag for ENERGYASST11,"1
0
-2","Imputed
Not imputed
Not applicable",,,,
ENERGYASST12,human characteristics,Numeric,8,Received home energy assistance in 2012,"1
0
-2","Yes
No
Not applicable",,,,
ZENERGYASST12,flag,Numeric,8,Imputation flag for ENERGYASST12,"1
0
-2","Imputed
Not imputed
Not applicable",,,,
ENERGYASST13,human characteristics,Numeric,8,Received home energy assistance in 2013,"1
0
-2","Yes
No
Not applicable",,,,
ZENERGYASST13,flag,Numeric,8,Imputation flag for ENERGYASST13,"1
0
-2","Imputed
Not imputed
Not applicable",,,,
ENERGYASST14,human characteristics,Numeric,8,Received home energy assistance in 2014,"1
0
-2","Yes
No
Not applicable",,,,
ZENERGYASST14,flag,Numeric,8,Imputation flag for ENERGYASST14,"1
0
-2","Imputed
Not imputed
Not applicable",,,,
ENERGYASST15,human characteristics,Numeric,8,Received home energy assistance in 2015,"1
0
-2","Yes
No
Not applicable",,,,
ZENERGYASST15,flag,Numeric,8,Imputation flag for ENERGYASST15,"1
0
-2","Imputed
Not imputed
Not applicable",,,,
ENERGYASSTOTH,human characteristics,Numeric,8,Received home energy assistance in some other year,"1
0
-2","Yes
No
Not applicable",,,,
ZENERGYASSTOTH,flag,Numeric,8,Imputation flag for ENERGYASSTOTH,"1
0
-2","Imputed
Not imputed
Not applicable",,,,
SCALEB,behavioral characteristics,Numeric,8,Frequency of reducing or forgoing basic necessities due to home energy bill,"1
2
3
0","Almost every month
Some months
1 or 2 months
Never",,,,
ZSCALEB,flag,Numeric,8,Imputation flag for SCALEB,"1
0","Imputed
Not imputed",,,,
SCALEG,behavioral characteristics,Numeric,8,Frequency of keeping home at unhealthy temperature,"1
2
3
0","Almost every month
Some months
1 or 2 months
Never",,,,
ZSCALEG,flag,Numeric,8,Imputation flag for SCALEG,"1
0","Imputed
Not imputed",,,,
SCALEE,behavioral characteristics,Numeric,8,Frequency of receiving disconnect notice,"1
2
3
0","Almost every month
Some months
1 or 2 months
Never",,,,
ZSCALEE,flag,Numeric,8,Imputation flag for SCALEE,"1
0","Imputed
Not imputed",,,,
PAYHELP,behavioral characteristics,Numeric,8,Received energy assistance to help pay energy bills after disconnect notice,"1
0
-2","Yes
No
Not applicable",,,,
ZPAYHELP,flag,Numeric,8,Imputation flag for PAYHELP,"1
0
-2","Imputed
Not imputed
Not applicable",,,,
NOHEATBROKE,appliances characteristics,Numeric,8,Unable to use heating equipment in the last year because equipment was broken and could not afford repair or replacement,"1
0","Yes
No",,,,
ZNOHEATBROKE,flag,Numeric,8,Imputation flag for NOHEATBROKE,"1
0","Imputed
Not imputed",,,,
NOHEATEL,appliances characteristics,Numeric,8,Unable to use heating equipment in the last year because could not afford electricity and it was disconnected,"1
0","Yes
No",,,,
ZNOHEATEL,flag,Numeric,8,Imputation flag for NOHEATEL,"1
0","Imputed
Not imputed",,,,
NOHEATNG,appliances characteristics,Numeric,8,Unable to use heating equipment in the last year because could not afford natural gas and it was disconnected,"1
0","Yes
No",,,,
ZNOHEATNG,flag,Numeric,8,Imputation flag for NOHEATNG,"1
0","Imputed
Not imputed",,,,
NOHEATBULK,appliances characteristics,Numeric,8,Unable to use heating equipment in the last year because could not afford bulk fuel delivery,"1
0","Yes
No",,,,
ZNOHEATBULK,flag,Numeric,8,Imputation flag for NOHEATBULK,"1
0","Imputed
Not imputed",,,,
NOHEATDAYS,behavioral characteristics,Numeric,8,Number of days unable to use heating equipment in the last year,"1 - 365
-2","Number of days unable to use heating equipment in the last year
Not applicable",,,,
ZNOHEATDAYS,flag,Numeric,8,Imputation flag for NOHEATDAYS,"1
0
-2","Imputed
Not imputed
Not applicable",,,,
NOHEATHELP,energy characteristics,Numeric,8,Received energy assistance to help restore heating,"1
0
-2","Yes
No
Not applicable",,,,
ZNOHEATHELP,flag,Numeric,8,Imputation flag for NOHEATHELP,"1
0
-2","Imputed
Not imputed
Not applicable",,,,
COLDMA,behavioral characteristics,Numeric,8,Medical attention needed because home was too cold,"1
0","Yes
No",,,,
ZCOLDMA,flag,Numeric,8,Imputation flag for COLDMA,"1
0","Imputed
Not imputed",,,,
NOACBROKE,appliances characteristics,Numeric,8,Unable to use cooling equipment in the last year because equipment was broken and could not afford repair or replacement,"1
0","Yes
No",,,,
ZNOACBROKE,flag,Numeric,8,Imputation flag for NOACBROKE,"1
0","Imputed
Not imputed",,,,
NOACEL,appliances characteristics,Numeric,8,Unable to use cooling equipment in the last year because could not afford electricity and it was disconnected,"1
0","Yes
No",,,,
ZNOACEL,flag,Numeric,8,Imputation flag for NOACEL,"1
0","Imputed
Not imputed",,,,
NOACDAYS,behavioral characteristics,Numeric,8,Number of days unable to use cooling equipment in the last year,"1 - 365
-2","Number of days unable to use cooling equipment in the last year
Not applicable",,,,
ZNOACDAYS,flag,Numeric,8,Imputation flag for NOACDAYS,"1
0
-2","Imputed
Not imputed
Not applicable",,,,
NOACHELP,energy characteristics,Numeric,8,Received energy assistance to help restore cooling,"1
0
-2","Yes
No
Not applicable",,,,
ZNOACHELP,flag,Numeric,8,Imputation flag for NOACHELP,"1
0
-2","Imputed
Not imputed
Not applicable",,,,
HOTMA,behavioral characteristics,Numeric,8,Medical attention needed because home was too hot,"1
0","Yes
No",,,,
ZHOTMA,flag,Numeric,8,Imputation flag for HOTMA,"1
0","Imputed
Not imputed",,,,
USEEL,energy characteristics,Numeric,8,Electricity used,"1
0","Yes
No",,,,
ELWARM,energy characteristics,Numeric,8,Electricity used for space heating,"1
0","Yes
No",,,,
ELCOOL,energy characteristics,Numeric,8,Electricity used for air conditioning,"1
0","Yes
No","COL, AHUCOL",,,
ELWATER,energy characteristics,Numeric,8,Electricity used for water heating,"1
0","Yes
No",,,,
ELFOOD,energy characteristics,Numeric,8,Electricity used for cooking,"1
0","Yes
No",,,,
ELOTHER,energy characteristics,Numeric,8,"Electricity used, other than for space heating, water heating, air conditioning, or cooking","1
0","Yes
No",,,,
USENG,energy characteristics,Numeric,8,Natural gas used,"1
0","Yes
No",,,,
UGWARM,energy characteristics,Numeric,8,Natural gas used for space heating,"1
0","Yes
No",,,,
UGWATER,energy characteristics,Numeric,8,Natural gas used for water heating,"1
0","Yes
No",,,,
UGCOOK,energy characteristics,Numeric,8,Natural gas used for cooking,"1
0","Yes
No",,,,
UGOTH,energy characteristics,Numeric,8,"Natural gas used, other than for space heating, water heating, or cooking","1
0","Yes
No",,,,
USELP,energy characteristics,Numeric,8,Propane used,"1
0","Yes
No",,,,
LPWARM,energy characteristics,Numeric,8,Propane used for space heating,"1
0","Yes
No",,,,
LPWATER,energy characteristics,Numeric,8,Propane used for water heating,"1
0","Yes
No",,,,
LPCOOK,energy characteristics,Numeric,8,Propane used for cooking,"1
0","Yes
No",,,,
LPOTHER,energy characteristics,Numeric,8,"Propane used, other than for space heating, water heating, or cooking","1
0","Yes
No",,,,
USEFO,energy characteristics,Numeric,8,Fuel oil used,"1
0","Yes
No",,,,
FOWARM,energy characteristics,Numeric,8,Fuel oil used for space heating,"1
0","Yes
No",,,,
FOWATER,energy characteristics,Numeric,8,Fuel oil used for water heating,"1
0","Yes
No",,,,
FOOTHER,energy characteristics,Numeric,8,"Fuel oil used, other than for space heating or water heating","1
0","Yes
No",,,,
USEWOOD,energy characteristics,Numeric,8,Wood used,"1
0","Yes
No",,,,
WDWARM,energy characteristics,Numeric,8,Wood used for space heating,"1
0","Yes
No",,,,
WDWATER,energy characteristics,Numeric,8,Wood used for water heating,"1
0","Yes
No",,,,
USESOLAR,energy characteristics,Numeric,8,Solar used,"1
0","Yes
No",,,,
SOLWATER,energy characteristics,Numeric,8,Solar used for water heating,"1
0","Yes
No",,,,
SOLOTHER,energy characteristics,Numeric,8,"Solar used, other than for water heating","1
0","Yes
No",,,,
TOTCSQFT,123456,Numeric,8,Total cooled square footage,,,,,,
TOTHSQFT,123456,Numeric,8,Total heated square footage,,,,,,
TOTSQFT_EN,123456,Numeric,8,Total square footage (used for publication),,,"SPH, AHUHEAT, COL, AHUCOL",SPH,SPH,SPH
ZTOTSQFT_EN,flag,Numeric,8,Imputation flag for TOTSQFT_EN,"1
0","Imputed
Not imputed",,,,
TOTUCSQFT,123456,Numeric,8,Total uncooled square footage,,,,,,
TOTUSQFT,123456,Numeric,8,Total unheated square footage,,,,,,
NWEIGHT,123456,Numeric,8,Final sample weight,,,,,,
BRRWT1,123456,Numeric,8,Replicate weight 1,,,,,,
BRRWT2,123456,Numeric,8,Replicate weight 2,,,,,,
BRRWT3,123456,Numeric,8,Replicate weight 3,,,,,,
BRRWT4,123456,Numeric,8,Replicate weight 4,,,,,,
BRRWT5,123456,Numeric,8,Replicate weight 5,,,,,,
BRRWT6,123456,Numeric,8,Replicate weight 6,,,,,,
BRRWT7,123456,Numeric,8,Replicate weight 7,,,,,,
BRRWT8,123456,Numeric,8,Replicate weight 8,,,,,,
BRRWT9,123456,Numeric,8,Replicate weight 9,,,,,,
BRRWT10,123456,Numeric,8,Replicate weight 10,,,,,,
BRRWT11,123456,Numeric,8,Replicate weight 11,,,,,,
BRRWT12,123456,Numeric,8,Replicate weight 12,,,,,,
BRRWT13,123456,Numeric,8,Replicate weight 13,,,,,,
BRRWT14,123456,Numeric,8,Replicate weight 14,,,,,,
BRRWT15,123456,Numeric,8,Replicate weight 15,,,,,,
BRRWT16,123456,Numeric,8,Replicate weight 16,,,,,,
BRRWT17,123456,Numeric,8,Replicate weight 17,,,,,,
BRRWT18,123456,Numeric,8,Replicate weight 18,,,,,,
BRRWT19,123456,Numeric,8,Replicate weight 19,,,,,,
BRRWT20,123456,Numeric,8,Replicate weight 20,,,,,,
BRRWT21,123456,Numeric,8,Replicate weight 21,,,,,,
BRRWT22,123456,Numeric,8,Replicate weight 22,,,,,,
BRRWT23,123456,Numeric,8,Replicate weight 23,,,,,,
BRRWT24,123456,Numeric,8,Replicate weight 24,,,,,,
BRRWT25,123456,Numeric,8,Replicate weight 25,,,,,,
BRRWT26,123456,Numeric,8,Replicate weight 26,,,,,,
BRRWT27,123456,Numeric,8,Replicate weight 27,,,,,,
BRRWT28,123456,Numeric,8,Replicate weight 28,,,,,,
BRRWT29,123456,Numeric,8,Replicate weight 29,,,,,,
BRRWT30,123456,Numeric,8,Replicate weight 30,,,,,,
BRRWT31,123456,Numeric,8,Replicate weight 31,,,,,,
BRRWT32,123456,Numeric,8,Replicate weight 32,,,,,,
BRRWT33,123456,Numeric,8,Replicate weight 33,,,,,,
BRRWT34,123456,Numeric,8,Replicate weight 34,,,,,,
BRRWT35,123456,Numeric,8,Replicate weight 35,,,,,,
BRRWT36,123456,Numeric,8,Replicate weight 36,,,,,,
BRRWT37,123456,Numeric,8,Replicate weight 37,,,,,,
BRRWT38,123456,Numeric,8,Replicate weight 38,,,,,,
BRRWT39,123456,Numeric,8,Replicate weight 39,,,,,,
BRRWT40,123456,Numeric,8,Replicate weight 40,,,,,,
BRRWT41,123456,Numeric,8,Replicate weight 41,,,,,,
BRRWT42,123456,Numeric,8,Replicate weight 42,,,,,,
BRRWT43,123456,Numeric,8,Replicate weight 43,,,,,,
BRRWT44,123456,Numeric,8,Replicate weight 44,,,,,,
BRRWT45,123456,Numeric,8,Replicate weight 45,,,,,,
BRRWT46,123456,Numeric,8,Replicate weight 46,,,,,,
BRRWT47,123456,Numeric,8,Replicate weight 47,,,,,,
BRRWT48,123456,Numeric,8,Replicate weight 48,,,,,,
BRRWT49,123456,Numeric,8,Replicate weight 49,,,,,,
BRRWT50,123456,Numeric,8,Replicate weight 50,,,,,,
BRRWT51,123456,Numeric,8,Replicate weight 51,,,,,,
BRRWT52,123456,Numeric,8,Replicate weight 52,,,,,,
BRRWT53,123456,Numeric,8,Replicate weight 53,,,,,,
BRRWT54,123456,Numeric,8,Replicate weight 54,,,,,,
BRRWT55,123456,Numeric,8,Replicate weight 55,,,,,,
BRRWT56,123456,Numeric,8,Replicate weight 56,,,,,,
BRRWT57,123456,Numeric,8,Replicate weight 57,,,,,,
BRRWT58,123456,Numeric,8,Replicate weight 58,,,,,,
BRRWT59,123456,Numeric,8,Replicate weight 59,,,,,,
BRRWT60,123456,Numeric,8,Replicate weight 60,,,,,,
BRRWT61,123456,Numeric,8,Replicate weight 61,,,,,,
BRRWT62,123456,Numeric,8,Replicate weight 62,,,,,,
BRRWT63,123456,Numeric,8,Replicate weight 63,,,,,,
BRRWT64,123456,Numeric,8,Replicate weight 64,,,,,,
BRRWT65,123456,Numeric,8,Replicate weight 65,,,,,,
BRRWT66,123456,Numeric,8,Replicate weight 66,,,,,,
BRRWT67,123456,Numeric,8,Replicate weight 67,,,,,,
BRRWT68,123456,Numeric,8,Replicate weight 68,,,,,,
BRRWT69,123456,Numeric,8,Replicate weight 69,,,,,,
BRRWT70,123456,Numeric,8,Replicate weight 70,,,,,,
BRRWT71,123456,Numeric,8,Replicate weight 71,,,,,,
BRRWT72,123456,Numeric,8,Replicate weight 72,,,,,,
BRRWT73,123456,Numeric,8,Replicate weight 73,,,,,,
BRRWT74,123456,Numeric,8,Replicate weight 74,,,,,,
BRRWT75,123456,Numeric,8,Replicate weight 75,,,,,,
BRRWT76,123456,Numeric,8,Replicate weight 76,,,,,,
BRRWT77,123456,Numeric,8,Replicate weight 77,,,,,,
BRRWT78,123456,Numeric,8,Replicate weight 78,,,,,,
BRRWT79,123456,Numeric,8,Replicate weight 79,,,,,,
BRRWT80,123456,Numeric,8,Replicate weight 80,,,,,,
BRRWT81,123456,Numeric,8,Replicate weight 81,,,,,,
BRRWT82,123456,Numeric,8,Replicate weight 82,,,,,,
BRRWT83,123456,Numeric,8,Replicate weight 83,,,,,,
BRRWT84,123456,Numeric,8,Replicate weight 84,,,,,,
BRRWT85,123456,Numeric,8,Replicate weight 85,,,,,,
BRRWT86,123456,Numeric,8,Replicate weight 86,,,,,,
BRRWT87,123456,Numeric,8,Replicate weight 87,,,,,,
BRRWT88,123456,Numeric,8,Replicate weight 88,,,,,,
BRRWT89,123456,Numeric,8,Replicate weight 89,,,,,,
BRRWT90,123456,Numeric,8,Replicate weight 90,,,,,,
BRRWT91,123456,Numeric,8,Replicate weight 91,,,,,,
BRRWT92,123456,Numeric,8,Replicate weight 92,,,,,,
BRRWT93,123456,Numeric,8,Replicate weight 93,,,,,,
BRRWT94,123456,Numeric,8,Replicate weight 94,,,,,,
BRRWT95,123456,Numeric,8,Replicate weight 95,,,,,,
BRRWT96,123456,Numeric,8,Replicate weight 96,,,,,,
CDD30YR,123456,Numeric,8,"Cooling degree days, 30-year average 1981-2010, base temperature 65F",,,,,,
CDD65,123456,Numeric,8,"Cooling degree days in 2015, base temperature 65F",,,"COL, AHUCOL, EVAPCOL",,,
CLIMATE_REGION_PUB,home characteristics,Character,18,Building America Climate Zone,,"Cold/Very Cold
Hot-Dry/Mixed-Dry
Hot-Humid
Mixed-Humid
Marine",,,,
HDD30YR,123456,Numeric,8,"Heating degree days, 30-year average 1981-2010, base temperature 65F",,,,,,
HDD65,123456,Numeric,8,"Heating degree days in 2015, base temperature 65F",,,,,,
KWH,energy characteristics,Numeric,8,"Total site electricity usage, in kilowatthours, 2015",,Kilowatthours,,,,
KWHSPH,energy characteristics,Numeric,8,"Electricity usage for space heating, main and secondary, in kilowatthours, 2015",,Kilowatthours,,,,
KWHCOL,energy characteristics,Numeric,8,"Electricity usage for air conditioning (central systems and individual units), in kilowatthours, 2015",,Kilowatthours,,,,
KWHWTH,energy characteristics,Numeric,8,"Electricity usage for water heating, main and secondary, in kilowatthours, 2015",,Kilowatthours,,,,
KWHRFG,energy characteristics,Numeric,8,"Electricity usage for all refrigerators, in kilowatthours, 2015",,Kilowatthours,,,,
KWHRFG1,energy characteristics,Numeric,8,"Electricity usage for first refrigerators, in kilowatthours, 2015",,Kilowatthours,,,,
KWHRFG2,energy characteristics,Numeric,8,"Electricity usage for second refrigerators, in kilowatthours, 2015",,Kilowatthours,,,,
KWHFRZ,energy characteristics,Numeric,8,"Electricity usage for freezers, in kilowatthours, 2015",,Kilowatthours,,,,
KWHCOK,energy characteristics,Numeric,8,"Electricity usage for cooking (stoves, cooktops, and ovens), in kilowatthours, 2015",,Kilowatthours,,,,
KWHMICRO,energy characteristics,Numeric,8,"Electricity usage for microwaves, in kilowatthours, 2015",,Kilowatthours,,,,
KWHCW,energy characteristics,Numeric,8,"Electricity usage for clothes washers, in kilowatthours, 2015",,Kilowatthours,,,,
KWHCDR,energy characteristics,Numeric,8,"Electricity usage for clothes dryers, in kilowatthours, 2015",,Kilowatthours,,,,
KWHDWH,energy characteristics,Numeric,8,"Electricity usage for dishwashers, in kilowatthours, 2015",,Kilowatthours,,,,
KWHLGT,energy characteristics,Numeric,8,"Electricity usage for indoor and outdoor lighting, in kilowatthours, 2015",,Kilowatthours,,,,
KWHTVREL,energy characteristics,Numeric,8,"Electricity usage for all televisions and related peripherals, in kilowatthours, 2015",,Kilowatthours,,,,
KWHTV1,energy characteristics,Numeric,8,"Electricity usage for first televisions, in kilowatthours, 2015",,Kilowatthours,,,,
KWHTV2,energy characteristics,Numeric,8,"Electricity usage for second televisions, in kilowatthours, 2015",,Kilowatthours,,,,
KWHAHUHEAT,energy characteristics,Numeric,8,"Electricity usage for air handlers and boiler pumps used for heating, in kilowatthours, 2015",,Kilowatthours,,,,
KWHAHUCOL,energy characteristics,Numeric,8,"Electricity usage for air handlers used for cooling, in kilowatthours, 2015",,Kilowatthours,,,,
KWHEVAPCOL,energy characteristics,Numeric,8,"Electricity usage for evaporative coolers, in kilowatthours, 2015",,Kilowatthours,,,,
KWHCFAN,energy characteristics,Numeric,8,"Electricity usage for ceiling fans, in kilowatthours, 2015",,Kilowatthours,,,,
KWHDHUM,energy characteristics,Numeric,8,"Electricity usage for dehumidifiers, in kilowatthours, 2015",,Kilowatthours,,,,
KWHHUM,energy characteristics,Numeric,8,"Electricity usage for humidifiers, in kilowatthours, 2015",,Kilowatthours,,,,
KWHPLPMP,energy characteristics,Numeric,8,"Electricity usage for swimming pool pumps, in kilowatthours, 2015",,Kilowatthours,,,,
KWHHTBPMP,energy characteristics,Numeric,8,"Electricity usage for hot tub pumps, in kilowatthours, 2015",,Kilowatthours,,,,
KWHHTBHEAT,energy characteristics,Numeric,8,"Electricity usage for hot tub heaters, in kilowatthours, 2015",,Kilowatthours,,,,
KWHNEC,energy characteristics,Numeric,8,"Electricity usage for other devices and purposes not elsewhere classified, in kilowatthours, 2015",,Kilowatthours,,,,
BTUEL,energy characteristics,Numeric,8,"Total site electricity usage, in thousand Btu, 2015",,Thousand Btu,,,,
BTUELSPH,energy characteristics,Numeric,8,"Electricity usage for space heating, main and secondary, in thousand Btu, 2015",,Thousand Btu,,,,
BTUELCOL,energy characteristics,Numeric,8,"Electricity usage for air conditioning (central systems and individual units), in thousand Btu, 2015",,Thousand Btu,,,,
BTUELWTH,energy characteristics,Numeric,8,"Electricity usage for water heating, main and secondary, in thousand Btu, 2015",,Thousand Btu,,,,
BTUELRFG,energy characteristics,Numeric,8,"Electricity usage for all refrigerators, in thousand Btu, 2015",,Thousand Btu,,,,
BTUELRFG1,energy characteristics,Numeric,8,"Electricity usage for first refrigerators, in thousand Btu, 2015",,Thousand Btu,,,,
BTUELRFG2,energy characteristics,Numeric,8,"Electricity usage for second refrigerators, in thousand Btu, 2015",,Thousand Btu,,,,
BTUELFRZ,energy characteristics,Numeric,8,"Electricity usage for freezers, in thousand Btu, 2015",,Thousand Btu,,,,
BTUELCOK,energy characteristics,Numeric,8,"Electricity usage for cooking (stoves, cooktops, and ovens), in thousand Btu, 2015",,Thousand Btu,,,,
BTUELMICRO,energy characteristics,Numeric,8,"Electricity usage for microwaves, in thousand Btu, 2015",,Thousand Btu,,,,
BTUELCW,energy characteristics,Numeric,8,"Electricity usage for clothes washers, in thousand Btu, 2015",,Thousand Btu,,,,
BTUELCDR,energy characteristics,Numeric,8,"Electricity usage for clothes dryers, in thousand Btu, 2015",,Thousand Btu,,,,
BTUELDWH,energy characteristics,Numeric,8,"Electricity usage for dishwashers, in thousand Btu, 2015",,Thousand Btu,,,,
BTUELLGT,energy characteristics,Numeric,8,"Electricity usage for indoor and outdoor lighting, in thousand Btu, 2015",,Thousand Btu,,,,
BTUELTVREL,energy characteristics,Numeric,8,"Electricity usage for all televisions and related peripherals, in thousand Btu, 2015",,Thousand Btu,,,,
BTUELTV1,energy characteristics,Numeric,8,"Electricity usage for first televisions, in thousand Btu, 2015",,Thousand Btu,,,,
BTUELTV2,energy characteristics,Numeric,8,"Electricity usage for second televisions, in thousand Btu, 2015",,Thousand Btu,,,,
BTUELAHUHEAT,energy characteristics,Numeric,8,"Electricity usage for air handlers and boiler pumps used for heating, in thousand Btu, 2015",,Thousand Btu,,,,
BTUELAHUCOL,energy characteristics,Numeric,8,"Electricity usage for air handlers used for cooling, in thousand Btu, 2015",,Thousand Btu,,,,
BTUELEVAPCOL,energy characteristics,Numeric,8,"Electricity usage for evaporative coolers, in thousand Btu, 2015",,Thousand Btu,,,,
BTUELCFAN,energy characteristics,Numeric,8,"Electricity usage for ceiling fans, in thousand Btu, 2015",,Thousand Btu,,,,
BTUELDHUM,energy characteristics,Numeric,8,"Electricity usage for dehumidifiers, in thousand Btu, 2015",,Thousand Btu,,,,
BTUELHUM,energy characteristics,Numeric,8,"Electricity usage for humidifiers, in thousand Btu, 2015",,Thousand Btu,,,,
BTUELPLPMP,energy characteristics,Numeric,8,"Electricity usage for swimming pool pumps, in thousand Btu, 2015",,Thousand Btu,,,,
BTUELHTBPMP,energy characteristics,Numeric,8,"Electricity usage for hot tub pumps, in thousand Btu, 2015",,Thousand Btu,,,,
BTUELHTBHEAT,energy characteristics,Numeric,8,"Electricity usage for hot tub heaters, in thousand Btu, 2015",,Thousand Btu,,,,
BTUELNEC,energy characteristics,Numeric,8,"Electricity usage for other devices and purposes not elsewhere classified, in thousand Btu, 2015",,Thousand Btu,,,,
DOLLAREL,Financial billing,Numeric,8,"Total electricity cost, in dollars, 2015",,US Dollars,,,,
DOLELSPH,Financial billing,Numeric,8,"Electricity cost for space heating, main and secondary, in dollars, 2015",,US Dollars,,,,
DOLELCOL,Financial billing,Numeric,8,"Electricity cost for air conditioning (central systems and individual units), in dollars, 2015",,US Dollars,,,,
DOLELWTH,Financial billing,Numeric,8,"Electricity cost for water heating, main and secondary, in dollars, 2015",,US Dollars,,,,
DOLELRFG,Financial billing,Numeric,8,"Electricity cost for all refrigerators, in dollars, 2015",,US Dollars,,,,
DOLELRFG1,Financial billing,Numeric,8,"Electricity cost for first refrigerators, in dollars, 2015",,US Dollars,,,,
DOLELRFG2,Financial billing,Numeric,8,"Electricity cost for second refrigerators, in dollars, 2015",,US Dollars,,,,
DOLELFRZ,Financial billing,Numeric,8,"Electricity cost for freezers, in dollars, 2015",,US Dollars,,,,
DOLELCOK,Financial billing,Numeric,8,"Electricity cost for cooking (stoves, cooktops, and ovens), in dollars, 2015",,US Dollars,,,,
DOLELMICRO,Financial billing,Numeric,8,"Electricity cost for microwaves, in dollars, 2015",,US Dollars,,,,
DOLELCW,Financial billing,Numeric,8,"Electricity cost for clothes washers, in dollars, 2015",,US Dollars,,,,
DOLELCDR,Financial billing,Numeric,8,"Electricity cost for clothes dryers, in dollars, 2015",,US Dollars,,,,
DOLELDWH,Financial billing,Numeric,8,"Electricity cost for dishwashers, in dollars, 2015",,US Dollars,,,,
DOLELLGT,Financial billing,Numeric,8,"Electricity cost for indoor and outdoor lighting, in dollars, 2015",,US Dollars,,,,
DOLELTVREL,Financial billing,Numeric,8,"Electricity cost for all televisions and related peripherals, in dollars, 2015",,US Dollars,,,,
DOLELTV1,Financial billing,Numeric,8,"Electricity cost for first televisions, in dollars, 2015",,US Dollars,,,,
DOLELTV2,Financial billing,Numeric,8,"Electricity cost for second televisions, in dollars, 2015",,US Dollars,,,,
DOLELAHUHEAT,Financial billing,Numeric,8,"Electricity cost for air handlers and boiler pumps used for heating, in dollars, 2015",,US Dollars,,,,
DOLELAHUCOL,Financial billing,Numeric,8,"Electricity cost for air handlers used for cooling, in dollars, 2015",,US Dollars,,,,
DOLELEVAPCOL,Financial billing,Numeric,8,"Electricity cost for evaporative coolers, in dollars, 2015",,US Dollars,,,,
DOLELCFAN,Financial billing,Numeric,8,"Electricity cost for ceiling fans, in dollars, 2015",,US Dollars,,,,
DOLELDHUM,Financial billing,Numeric,8,"Electricity cost for dehumidifiers, in dollars, 2015",,US Dollars,,,,
DOLELHUM,Financial billing,Numeric,8,"Electricity cost for humidifiers, in dollars, 2015",,US Dollars,,,,
DOLELPLPMP,Financial billing,Numeric,8,"Electricity cost for swimming pool pumps, in dollars, 2015",,US Dollars,,,,
DOLELHTBPMP,Financial billing,Numeric,8,"Electricity cost for hot tub pumps, in dollars, 2015",,US Dollars,,,,
DOLELHTBHEAT,Financial billing,Numeric,8,"Electricity cost for hot tub heaters, in dollars, 2015",,US Dollars,,,,
DOLELNEC,Financial billing,Numeric,8,"Electricity cost for other devices and purposes not elsewhere classified, in dollars, 2015",,US Dollars,,,,
CUFEETNG,energy characteristics,Numeric,8,"Total natural gas usage, in hundred cubic feet, 2015",,Hundred cubic feet of natural gas,,,,
CUFEETNGSPH,energy characteristics,Numeric,8,"Natural gas usage for space heating, main and secondary, in hundred cubic feet, 2015",,Hundred cubic feet of natural gas,,,,
CUFEETNGWTH,energy characteristics,Numeric,8,"Natural gas usage for water heating , main and secondary, in hundred cubic feet, 2015",,Hundred cubic feet of natural gas,,,,
CUFEETNGCOK,energy characteristics,Numeric,8,"Natural gas usage for cooking (stoves, cooktops, and ovens), in hundred cubic feet, 2015",,Hundred cubic feet of natural gas,,,,
CUFEETNGCDR,energy characteristics,Numeric,8,"Natural gas usage for clothes dryers, in hundred cubic feet, 2015",,Hundred cubic feet of natural gas,,,,
CUFEETNGPLHEAT,energy characteristics,Numeric,8,"Natural gas usage for swimming pool heaters, in hundred cubic feet, 2015",,Hundred cubic feet of natural gas,,,,
CUFEETNGHTBHEAT,energy characteristics,Numeric,8,"Natural gas usage for hot tub heaters, in hundred cubic feet, 2015",,Hundred cubic feet of natural gas,,,,
CUFEETNGNEC,energy characteristics,Numeric,8,"Natural gas usage for other devices and purposes not elsewhere classified, in hundred cubic feet, 2015",,Hundred cubic feet of natural gas,,,,
BTUNG,energy characteristics,Numeric,8,"Total natural gas usage, in thousand Btu, 2015",,Thousand Btu,,,,
BTUNGSPH,energy characteristics,Numeric,8,"Natural gas usage for space heating, main and secondary, in thousand Btu, 2015",,Thousand Btu,,,,
BTUNGWTH,energy characteristics,Numeric,8,"Natural gas usage for water heating, main and secondary, in thousand Btu, 2015",,Thousand Btu,,,,
BTUNGCOK,energy characteristics,Numeric,8,"Natural gas usage for cooking (stoves, cooktops, and ovens), in thousand Btu, 2015",,Thousand Btu,,,,
BTUNGCDR,energy characteristics,Numeric,8,"Natural gas usage for clothes dryers, in thousand Btu, 2015",,Thousand Btu,,,,
BTUNGPLHEAT,energy characteristics,Numeric,8,"Natural gas usage for swimming pool heaters, in thousand Btu, 2015",,Thousand Btu,,,,
BTUNGHTBHEAT,energy characteristics,Numeric,8,"Natural gas usage for hot tub heaters, in thousand Btu, 2015",,Thousand Btu,,,,
BTUNGNEC,energy characteristics,Numeric,8,"Natural gas usage for other devices and purposes not elsewhere classified, in thousand Btu, 2015",,Thousand Btu,,,,
DOLLARNG,Financial billing,Numeric,8,"Total natural gas cost, in dollars, 2015",,US Dollars,,,,
DOLNGSPH,Financial billing,Numeric,8,"Natural Gas cost for space heating, main and secondary, in dollars, 2015",,US Dollars,,,,
DOLNGWTH,Financial billing,Numeric,8,"Natural gas cost for water heating, main and secondary, in dollars, 2015",,US Dollars,,,,
DOLNGCOK,Financial billing,Numeric,8,"Natural gas cost for cooking (stoves, cooktops, and ovens), in dollars, 2015",,US Dollars,,,,
DOLNGCDR,Financial billing,Numeric,8,"Natural gas cost for clothes dryers, in dollars, 2015",,US Dollars,,,,
DOLNGPLHEAT,Financial billing,Numeric,8,"Natural gas cost for swimming pool heaters, in dollars, 2015",,US Dollars,,,,
DOLNGHTBHEAT,Financial billing,Numeric,8,"Natural gas cost for hot tub heaters, in dollars, 2015",,US Dollars,,,,
DOLNGNEC,Financial billing,Numeric,8,"Natural gas cost for other devices and purposes not elsewhere classified, in dollars, 2015",,US Dollars,,,,
GALLONLP,energy characteristics,Numeric,8,"Total propane usage, in gallons, 2015",,Gallons of propane,,,,
GALLONLPSPH,energy characteristics,Numeric,8,"Propane usage for space heating, main and secondary, in gallons, 2015",,Gallons of propane,,,,
GALLONLPWTH,energy characteristics,Numeric,8,"Propane usage for water heating, main and secondary, in gallons, 2015",,Gallons of propane,,,,
GALLONLPCOK,energy characteristics,Numeric,8,"Propane usage for cooking (stoves, cooktops, and ovens), in gallons, 2015",,Gallons of propane,,,,
GALLONLPCDR,energy characteristics,Numeric,8,"Propane usage for clothes dryers, in gallons, 2015",,Gallons of propane,,,,
GALLONLPNEC,energy characteristics,Numeric,8,"Propane usage for other devices and purposes not elsewhere classified, in gallons, 2015",,Gallons of propane,,,,
BTULP,energy characteristics,Numeric,8,"Total propane usage, in thousand Btu, 2015",,Thousand Btu,,,,
BTULPSPH,energy characteristics,Numeric,8,"Propane usage for space heating, main and secondary, in thousand Btu, 2015",,Thousand Btu,,,,
BTULPWTH,energy characteristics,Numeric,8,"Propane usage for water heating, main and secondary, in thousand Btu, 2015",,Thousand Btu,,,,
BTULPCOK,energy characteristics,Numeric,8,"Propane usage for cooking (stoves, cooktops, and ovens), in thousand Btu, 2015",,Thousand Btu,,,,
BTULPCDR,energy characteristics,Numeric,8,"Propane usage for clothes dryers, in thousand Btu, 2015",,Thousand Btu,,,,
BTULPNEC,energy characteristics,Numeric,8,"Propane usage for other devices and purposes not elsewhere classified, in thousand Btu, 2015",,Thousand Btu,,,,
DOLLARLP,Financial billing,Numeric,8,"Total cost of propane, in dollars, 2015",,US Dollars,,,,
DOLLPSPH,Financial billing,Numeric,8,"Propane cost for space heating, main and secondary, in dollars, 2015",,US Dollars,,,,
DOLLPWTH,Financial billing,Numeric,8,"Propane cost for water heating, main and secondary, in dollars, 2015",,US Dollars,,,,
DOLLPCOK,Financial billing,Numeric,8,"Propane cost for cooking (stoves, cooktops, and ovens), in dollars, 2015",,US Dollars,,,,
DOLLPCDR,Financial billing,Numeric,8,"Propane cost for clothes dryers, in dollars, 2015",,US Dollars,,,,
DOLLPNEC,Financial billing,Numeric,8,"Propane cost for other devices and purposes not elsewhere classified, in dollars, 2015",,US Dollars,,,,
GALLONFO,energy characteristics,Numeric,8,"Total fuel oil/kerosene usage, in gallons, 2015",,Gallons of fuel oil/kerosene,,,,
GALLONFOSPH,energy characteristics,Numeric,8,"Fuel oil/kerosene usage for space heating, main and secondary, in gallons, 2015",,Gallons of fuel oil/kerosene,,,,
GALLONFOWTH,energy characteristics,Numeric,8,"Fuel oil/kerosene usage for water heating, main and secondary, in gallons, 2015",,Gallons of fuel oil/kerosene,,,,
GALLONFONEC,energy characteristics,Numeric,8,"Fuel oil/kerosene usage for other devices and purposes not elsewhere classified, in gallons, 2015",,Gallons of fuel oil/kerosene,,,,
BTUFO,energy characteristics,Numeric,8,"Total fuel oil/kerosene usage, in thousand Btu, 2015",,Thousand Btu,,,,
BTUFOSPH,energy characteristics,Numeric,8,"Fuel oil/kerosene usage for space heating, main and secondary, in thousand Btu, 2015",,Thousand Btu,,,,
BTUFOWTH,energy characteristics,Numeric,8,"Fuel oil/kerosene usage for water heating, main and secondary, in thousand Btu, 2015",,Thousand Btu,,,,
BTUFONEC,energy characteristics,Numeric,8,"Fuel oil/kerosene usage for other devices and purposes not elsewhere classified, in thousand Btu, 2015",,Thousand Btu,,,,
DOLLARFO,Financial billing,Numeric,8,"Total cost of fuel oil/kerosene, in dollars, 2015",,US Dollars,,,,
DOLFOSPH,Financial billing,Numeric,8,"Fuel oil/kerosene cost for space heating, main and secondary, in dollars, 2015",,US Dollars,,,,
DOLFOWTH,Financial billing,Numeric,8,"Fuel oil/kerosene cost for water heating, main and secondary, in dollars, 2015",,US Dollars,,,,
DOLFONEC,Financial billing,Numeric,8,"Fuel oil/kerosene cost for other devices and purposes not elsewhere classified, in dollars, 2015",,US Dollars,,,,
TOTALBTU,energy characteristics,Numeric,8,"Total usage, in thousand Btu, 2015",,Thousand Btu,,,,
TOTALDOL,Financial billing,Numeric,8,"Total cost, in dollars, 2015 ",,US Dollars,,,,
TOTALBTUSPH,energy characteristics,Numeric,8,"Total usage for space heating, main and secondary, in thousand Btu, 2015",,Thousand Btu,,,,
TOTALDOLSPH,Financial billing,Numeric,8,"Total cost for space heating, main and secondary, in dollars, 2015",,US Dollars,,,,
TOTALBTUWTH,energy characteristics,Numeric,8,"Total usage for water heating, main and secondary, in thousand Btu, 2015",,Thousand Btu,,,,
TOTALDOLWTH,Financial billing,Numeric,8,"Total cost for water heating, main and secondary, in dollars, 2015",,US Dollars,,,,
TOTALBTUCOK,energy characteristics,Numeric,8,"Total usage for cooking (stoves, cooktops, and ovens), in thousand Btu, 2015",,Thousand Btu,,,,
TOTALDOLCOK,Financial billing,Numeric,8,"Total cost for cooking (stoves, cooktops, and ovens), in dollars, 2015",,US Dollars,,,,
TOTALBTUCDR,energy characteristics,Numeric,8,"Total usage for clothes dryers, in thousand Btu, 2015",,Thousand Btu,,,,
TOTALDOLCDR,Financial billing,Numeric,8,"Total cost for clothes dryers, in dollars, 2015",,US Dollars,,,,
TOTALBTUPL,energy characteristics,Numeric,8,"Total usage for swimming pool pumps and heaters, in thousand Btu, 2015",,Thousand Btu,,,,
TOTALDOLPL,Financial billing,Numeric,8,"Total cost for swimming pool pumps and heaters, in dollars, 2015",,US Dollars,,,,
TOTALBTUHTB,energy characteristics,Numeric,8,"Total usage for hot tub pumps and heaters, in thousand Btu, 2015",,Thousand Btu,,,,
TOTALDOLHTB,Financial billing,Numeric,8,"Total cost for hot tub pumps and heaters, in dollars, 2015",,US Dollars,,,,
TOTALBTUNEC,energy characteristics,Numeric,8,"Total usage for other devices and purposes not elsewhere classified, in thousand Btu, 2015",,Thousand Btu,,,,
TOTALDOLNEC,Financial billing,Numeric,8,"Total cost for other devices and purposes not elsewhere classified, in thousand Btu, 2015",,US Dollars,,,,
ELXBTU,123456,Numeric,8,"Kilowatthour to Btu conversion factor, 2015",3.412,Thousand Btu per kilowatthour,,,,
PERIODEL,Financial billing,Numeric,8,Number of days covered by Energy Supplier Survey electricity billing data and used to calculate annual consumption and expenditures,"1
2
3
4
5","330 days or more
At least 146, but less than 330 days
At least 60, but less than 146 days
Less than 60 days
No billing data collected or billing data not used",,,,
ZELAMOUNT,flag,Numeric,8,Imputation flag for total electricity usage,"1
0","Imputed (No billing data collected or billing data not used)
Not imputed",,,,
NGXBTU,123456,Numeric,8,"Localized cubic feet to Btu conversion factor, 2015",,Thousand Btu per cubic feet of natural gas (varies),,,,
PERIODNG,Financial billing,Numeric,8,Number of days covered by Energy Supplier Survey natural gas billing data and used to calculate annual consumption and expenditures,"1
2
3
4
5
-2","330 days or more
At least 146, but less than 330 days
At least 60, but less than 146 days
Less than 60 days
No billing data collected or billing data not used
Not applicable, no natural gas consumption",,,,
ZNGAMOUNT,flag,Numeric,8,Imputation flag for total natural gas usage,"1
0
-2","Imputed  (No billing data collected or billing data not used)
Not imputed
Not applicable, no natural gas consumption",,,,
FOXBTU,123456,Numeric,8,"Fuel oil/kerosene to Btu conversion factor, 2015","137.45 
135
135.48, 136.79, 137.37","Thousand Btu per gallons of #2 fuel oil
Thousand Btu per gallons of kerosene
Thousand Btu per gallons of other fuels",,,,
PERIODFO,Financial billing,Numeric,8,Number of days covered by Energy Supplier Survey fuel oil/kerosene billing data and used to calculate annual consumption and expenditures,"1
2
5
-2","365 days (complete)
Less than 365 days (incomplete)
No delivery data collected
Not applicable, no fuel oil consumption",,,,
ZFOAMOUNT,flag,Numeric,8,Imputation flag for total fuel oil/kerosene usage,"1
0
-2","Imputed (No billing data collected or billing data not used)
Not imputed
Not applicable, no fuel oil consumption",,,,
LPXBTU,123456,Numeric,8,"Propane to Btu conversion factor, 2015",91.33,Thousand Btu per gallons of propane,,,,
PERIODLP,Financial billing,Numeric,8,Number of days covered by Energy Supplier Survey propane billing data and used to calculate annual consumption and expenditures,"1
2
5
-2","365 days (complete)
Less than 365 days (incomplete)
No delivery data collected
Not applicable, no propane consumption",,,,
ZLPAMOUNT,flag,Numeric,8,Imputation flag for total propane usage,"1
0
-2","Imputed (No billing data collected or billing data not used)
Not imputed
Not applicable, no propane consumption",,,,
,,,,,,,,,,
"Note: For each variable used as input for the end-use models, the model it appears in are indicated as follows:
SPH: Space heating
AHUHEAT: Air handlers for heating 
COL: Air conditioning
AHUCOL: Air handlers for cooling
EVAPCOL: Evaporative coolers
FANS: Fans
DHUM: Dehumidifiers
HUM: Humidifiers
WTH: Water heating
LGT: Lighting
RFG: Refigerators
FRZ: Freezers
DWH: Dishwashers
COK: Stoves, cooktops, and ovens
MICRO: Microwaves
TVREL: Televisions and related
CW: Clothers washers
CDR: Clothes dryers
PLPMP: Pool pumps
PLHEAT: Pool heaters
HTBPMP: Hot tub pumps
HTBHEAT: Hot tub heaters
NEC: Not elsewhere classified",,,,,,,,,,